Bacterial Species	Genomic Pattern	Connected Phage	Human Disease	Disease Category	Abundance Change	Source Database
enterobacter hormaechei	terminase_1, phage_portal, phage_capsid	klebsiella phage st13	necrotizing enterocolitis	gastrointestinal tract	decreased	HMDAD.txt/MicroPhenoDB.txt
citrobacter	terminase_1, phage_portal, phage_capsid	klebsiella phage st13	necrotizing enterocolitis	gastrointestinal tract	increased	HMDAD.txt/MicroPhenoDB.txt/ disbiome.tsv
klebsiella	terminase_1, phage_portal, phage_capsid	klebsiella phage st13	acne	face	increased	disbiome.tsv
escherichia	terminase_1, phage_portal, phage_capsid	klebsiella phage st13	aerobic vaginitis	vagina	increased	disbiome.tsv
klebsiella	terminase_1, phage_portal, phage_capsid	klebsiella phage st13	alcoholism	lumen	increased	disbiome.tsv
cronobacter	terminase_1, phage_portal, phage_capsid	klebsiella phage st13	type 1 diabetes	gastrointestinal tract	increased	HMDAD.txt/MicroPhenoDB.txt
enterobacter	terminase_1, phage_portal, phage_capsid	klebsiella phage st13	type 1 diabetes	gastrointestinal tract	increased	HMDAD.txt/MicroPhenoDB.txt/disbiome.tsv
escherichia	terminase_1, phage_portal, phage_capsid	klebsiella phage st13	alcoholism	lumen	increased	disbiome.tsv
klebsiella	terminase_1, phage_portal, phage_capsid	klebsiella phage st13	ankylosing spondylitis	gastrointestinal tract	decreased	MicroPhenoDB.txt/disbiome.tsv
pantoea	terminase_1, phage_portal, phage_capsid	klebsiella phage st13	type 1 diabetes	gastrointestinal tract	increased	HMDAD.txt/MicroPhenoDB.txt
salmonella	terminase_1, phage_portal, phage_capsid	klebsiella phage st13	celiac disease	gastrointestinal tract	increased	MicroPhenoDB.txt/Peryton-results.tsv/disbiome.tsv
citrobacter	terminase_1, phage_portal, phage_capsid	klebsiella phage st13	alcoholism	lumen	increased	disbiome.tsv
escherichia	terminase_1, phage_portal, phage_capsid	klebsiella phage st13	alzheimer disease	neurodegenerative disorders	increased	Peryton-results.tsv/MicroPhenoDB.txt/disbiome.tsv
enterobacter	terminase_1, phage_portal, phage_capsid	klebsiella phage st13	alzheimer disease	neurodegenerative disorders	decreased	Peryton-results.tsv
citrobacter	terminase_1, phage_portal, phage_capsid	klebsiella phage st13	pouchitis	gastrointestinal tract	increased	MicroPhenoDB.txt/disbiome.tsv
citrobacter	terminase_1, phage_portal, phage_capsid	klebsiella phage st13	gastroenteritis	gastrointestinal tract	increased	MicroPhenoDB.txt/disbiome.tsv
citrobacter	terminase_1, phage_portal, phage_capsid	klebsiella phage st13	hepatitis c	gastrointestinal tract	increased	MicroPhenoDB.txt/disbiome.tsv
enterobacter	terminase_1, phage_portal, phage_capsid	klebsiella phage st13	crohn disease	gastrointestinal tract	decreased	MicroPhenoDB.txt/disbiome.tsv
escherichia	terminase_1, phage_portal, phage_capsid	klebsiella phage st13	atherosclerosis	cardiovascular diseases	increased	Peryton-results.tsv
klebsiella	terminase_1, phage_portal, phage_capsid	klebsiella phage st13	asthma	respiratory tract	increased	MicroPhenoDB.txt/disbiome.tsv
cronobacter	terminase_1, phage_portal, phage_capsid	klebsiella phage st13	atopic eczema	gastrointestinal tract	increased	MicroPhenoDB.txt
enterobacter hormaechei	terminase_1, phage_portal, phage_capsid	klebsiella phage st13	autism	gastrointestinal tract	increased	MicroPhenoDB.txt/disbiome.tsv
enterobacter	terminase_1, phage_portal, phage_capsid	klebsiella phage st13	atopic eczema	gastrointestinal tract	increased	MicroPhenoDB.txt
klebsiella	terminase_1, phage_portal, phage_capsid	klebsiella phage st13	atherosclerosis	gastrointestinal tract	increased	MicroPhenoDB.txt/disbiome.tsv
escherichia	terminase_1, phage_portal, phage_capsid	klebsiella phage st13	autism spectrum disorders	lumen	decreased	disbiome.tsv
enterobacter	terminase_1, phage_portal, phage_capsid	klebsiella phage st13	cirrhosis of liver	gastrointestinal tract	increased	MicroPhenoDB.txt/disbiome.tsv
klebsiella	terminase_1, phage_portal, phage_capsid	klebsiella phage st13	autoimmune hepatitis	lumen	increased	disbiome.tsv
enterobacter	terminase_1, phage_portal, phage_capsid	klebsiella phage st13	transient ischemic attack	gastrointestinal tract	increased	MicroPhenoDB.txt/disbiome.tsv
citrobacter	terminase_1, phage_portal, phage_capsid	klebsiella phage st13	bacterial vaginosis	vagina	increased	disbiome.tsv
klebsiella	terminase_1, phage_portal, phage_capsid	klebsiella phage st13	atopic dermatitis	skin	decreased	disbiome.tsv/MicroPhenoDB.txt
citrobacter	terminase_1, phage_portal, phage_capsid	klebsiella phage st13	chronic obstructive pulmonary disease	respiratory tract	decreased	MicroPhenoDB.txt/disbiome.tsv
cronobacter	terminase_1, phage_portal, phage_capsid	klebsiella phage st13	pancreatic carcinoma	gastrointestinal tract	increased	MicroPhenoDB.txt/disbiome.tsv/Peryton-results.tsv
citrobacter	terminase_1, phage_portal, phage_capsid	klebsiella phage st13	crohn disease	gastrointestinal tract	increased	MicroPhenoDB.txt/disbiome.tsv/Peryton-results.tsv
citrobacter amalonaticus	terminase_1, phage_portal, phage_capsid	klebsiella phage st13	bacteriemia	other	increased	MicroPhenoDB.txt
klebsiella	terminase_1, phage_portal, phage_capsid	klebsiella phage st13	biliary atresia	lumen	increased	disbiome.tsv
citrobacter	terminase_1, phage_portal, phage_capsid	klebsiella phage st13	ankylosing spondylitis	gastrointestinal tract	decreased	MicroPhenoDB.txt/disbiome.tsv
escherichia	terminase_1, phage_portal, phage_capsid	klebsiella phage st13	chronic rhinosinusitis	auditory meatus	increased	MicroPhenoDB.txt/disbiome.tsv
salmonella enterica	terminase_1, phage_portal, phage_capsid	klebsiella phage st13	breast cancer	mucosa	increased	disbiome.tsv
cronobacter	terminase_1, phage_portal, phage_capsid	klebsiella phage st13	interstitial cystitis	urinary tract	increased	MicroPhenoDB.txt/disbiome.tsv
enterobacter	terminase_1, phage_portal, phage_capsid	klebsiella phage st13	breast neoplasms	cancers	present	Peryton-results.tsv
escherichia	terminase_1, phage_portal, phage_capsid	klebsiella phage st13	colorectal cancer	gastrointestinal tract	increased	MicroPhenoDB.txt/disbiome.tsv/Peryton-results.tsv
escherichia	terminase_1, phage_portal, phage_capsid	klebsiella phage st13	budd-chiari syndrome	lumen	decreased	disbiome.tsv
klebsiella	terminase_1, phage_portal, phage_capsid	klebsiella phage st13	celiac disease	gastrointestinal tract	increased	MicroPhenoDB.txt/Peryton-results.tsv/disbiome.tsv
pediococcus	terminase_1, phage_portal, phage_capsid	klebsiella phage st13	celiac disease, coaliac disease	mucosa	decreased	disbiome.tsv
enterobacter	terminase_1, phage_portal, phage_capsid	klebsiella phage st13	chronic kidney disease	lumen	decreased	disbiome.tsv
citrobacter	terminase_1, phage_portal, phage_capsid	klebsiella phage st13	hiv	cervix	increased	MicroPhenoDB.txt/disbiome.tsv
citrobacter	terminase_1, phage_portal, phage_capsid	klebsiella phage st13	chronic kidney disease	lumen	increased	disbiome.tsv
klebsiella	terminase_1, phage_portal, phage_capsid	klebsiella phage st13	colorectal cancer	gastrointestinal tract	increased	MicroPhenoDB.txt/disbiome.tsv/Peryton-results.tsv
klebsiella	terminase_1, phage_portal, phage_capsid	klebsiella phage st13	cirrhosis	lumen	increased	disbiome.tsv
enterobacter	terminase_1, phage_portal, phage_capsid	klebsiella phage st13	clonorchis sinensis infection	lumen	decreased	disbiome.tsv
enterobacter	terminase_1, phage_portal, phage_capsid	klebsiella phage st13	ankylosing spondylitis	gastrointestinal tract	decreased	MicroPhenoDB.txt/disbiome.tsv
klebsiella	terminase_1, phage_portal, phage_capsid	klebsiella phage st13	clostridium difficile infection	lumen	increased	disbiome.tsv
klebsiella	terminase_1, phage_portal, phage_capsid	klebsiella phage st13	colorectal cancer	gastrointestinal tract	decreased	disbiome.tsv/Peryton-results.tsv
escherichia	terminase_1, phage_portal, phage_capsid	klebsiella phage st13	crohn disease	gastrointestinal disorders	increased	Peryton-results.tsv/MicroPhenoDB.txt/disbiome.tsv
citrobacter	terminase_1, phage_portal, phage_capsid	klebsiella phage st13	clostridium difficile infection	lumen	increased	disbiome.tsv
salmonella	terminase_1, phage_portal, phage_capsid	klebsiella phage st13	colon adenomas	lumen	decreased	disbiome.tsv
escherichia	terminase_1, phage_portal, phage_capsid	klebsiella phage st13	colorectal adenocarcinoma	other	decreased	MicroPhenoDB.txt
pantoea	terminase_1, phage_portal, phage_capsid	klebsiella phage st13	colorectal neoplasms	cancers	decreased	Peryton-results.tsv
salmonella	terminase_1, phage_portal, phage_capsid	klebsiella phage st13	colorectal neoplasms	cancers	increased	Peryton-results.tsv
citrobacter	terminase_1, phage_portal, phage_capsid	klebsiella phage st13	colorectal neoplasms	cancers	increased	Peryton-results.tsv
citrobacter	terminase_1, phage_portal, phage_capsid	klebsiella phage st13	colorectal neoplasms	cancers	decreased	Peryton-results.tsv
enterobacter	terminase_1, phage_portal, phage_capsid	klebsiella phage st13	alcoholic pancreatitis	gastrointestinal tract	increased	MicroPhenoDB.txt/disbiome.tsv
enterobacter	terminase_1, phage_portal, phage_capsid	klebsiella phage st13	pancreatic carcinoma	gastrointestinal tract	increased	MicroPhenoDB.txt/disbiome.tsv
cronobacter	terminase_1, phage_portal, phage_capsid	klebsiella phage st13	colorectal neoplasms	cancers	decreased	Peryton-results.tsv
salmonella	terminase_1, phage_portal, phage_capsid	klebsiella phage st13	hiv	mucosa	increased	MicroPhenoDB.txt/disbiome.tsv
enterobacter	terminase_1, phage_portal, phage_capsid	klebsiella phage st13	colorectal neoplasms	cancers	increased	Peryton-results.tsv
enterobacter	terminase_1, phage_portal, phage_capsid	klebsiella phage st13	irritable bowel syndrome	gastrointestinal disorders	increased	Peryton-results.tsv/disbiome.tsv
salmonella enterica	terminase_1, phage_portal, phage_capsid	klebsiella phage st13	colorectal neoplasms	cancers	increased	Peryton-results.tsv
citrobacter	terminase_1, phage_portal, phage_capsid	klebsiella phage st13	irritable bowel syndrome	gastrointestinal disorders	decreased	Peryton-results.tsv/disbiome.tsv
klebsiella	terminase_1, phage_portal, phage_capsid	klebsiella phage st13	constipation	gastrointestinal disorders	decreased	Peryton-results.tsv
escherichia	terminase_1, phage_portal, phage_capsid	klebsiella phage st13	coronary artery disease	cardiovascular diseases	increased	Peryton-results.tsv
klebsiella	terminase_1, phage_portal, phage_capsid	klebsiella phage st13	crohn disease	gastrointestinal disorders	decreased	Peryton-results.tsv/disbiome.tsv/MicroPhenoDB.txt
klebsiella	terminase_1, phage_portal, phage_capsid	klebsiella phage st13	crohn disease	gastrointestinal disorders	increased	Peryton-results.tsv/disbiome.tsv
escherichia	terminase_1, phage_portal, phage_capsid	klebsiella phage st13	hepatitis b	gastrointestinal tract	decreased	MicroPhenoDB.txt/disbiome.tsv
klebsiella	terminase_1, phage_portal, phage_capsid	klebsiella phage st13	coronary artery disease	lumen	increased	disbiome.tsv
escherichia	terminase_1, phage_portal, phage_capsid	klebsiella phage st13	hepatitis c	gastrointestinal tract	increased	MicroPhenoDB.txt/disbiome.tsv
pediococcus	terminase_1, phage_portal, phage_capsid	klebsiella phage st13	hepatitis c	gastrointestinal tract	increased	MicroPhenoDB.txt/disbiome.tsv
enterobacter	terminase_1, phage_portal, phage_capsid	klebsiella phage st13	coronary artery disease	lumen	decreased	disbiome.tsv
citrobacter	terminase_1, phage_portal, phage_capsid	klebsiella phage st13	crohn disease	gastrointestinal disorders	decreased	disbiome.tsv/Peryton-results.tsv
escherichia	terminase_1, phage_portal, phage_capsid	klebsiella phage st13	hirschsprung disease	gastrointestinal tract	increased	disbiome.tsv/MicroPhenoDB.txt
citrobacter	terminase_1, phage_portal, phage_capsid	klebsiella phage st13	coronary heart disease	lumen	decreased	disbiome.tsv
pediococcus	terminase_1, phage_portal, phage_capsid	klebsiella phage st13	crohn disease	gastrointestinal disorders	increased	Peryton-results.tsv
klebsiella	terminase_1, phage_portal, phage_capsid	klebsiella phage st13	gastroenteritis	gastrointestinal tract	increased	MicroPhenoDB.txt/disbiome.tsv
escherichia	terminase_1, phage_portal, phage_capsid	klebsiella phage st13	esophageal neoplasms	cancers	decreased	Peryton-results.tsv
klebsiella	terminase_1, phage_portal, phage_capsid	klebsiella phage st13	frailty	lumen	increased	disbiome.tsv
klebsiella	terminase_1, phage_portal, phage_capsid	klebsiella phage st13	gastric carcinoma	lumen	increased	disbiome.tsv
escherichia	terminase_1, phage_portal, phage_capsid	klebsiella phage st13	hiv	mucosa	increased	disbiome.tsv/MicroPhenoDB.txt
citrobacter	terminase_1, phage_portal, phage_capsid	klebsiella phage st13	parkinson disease	neurodegenerative disorders	increased	Peryton-results.tsv/disbiome.tsv
salmonella	terminase_1, phage_portal, phage_capsid	klebsiella phage st13	hypertension	gastrointestinal tract	increased	MicroPhenoDB.txt/disbiome.tsv
klebsiella	terminase_1, phage_portal, phage_capsid	klebsiella phage st13	gestational diabetes	cervix	increased	disbiome.tsv
enterobacter	terminase_1, phage_portal, phage_capsid	klebsiella phage st13	gestational diabetes	cervix	increased	disbiome.tsv
escherichia	terminase_1, phage_portal, phage_capsid	klebsiella phage st13	hand, foot and mouth disease	lumen	increased	disbiome.tsv
klebsiella	terminase_1, phage_portal, phage_capsid	klebsiella phage st13	helicobacter pylori infection	mouth	decreased	disbiome.tsv
escherichia	terminase_1, phage_portal, phage_capsid	klebsiella phage st13	hepatic vein thrombosis	gastrointestinal tract	decreased	MicroPhenoDB.txt
escherichia	terminase_1, phage_portal, phage_capsid	klebsiella phage st13	irritable bowel syndrome	gastrointestinal disorders	increased	Peryton-results.tsv/disbiome.tsv
klebsiella	terminase_1, phage_portal, phage_capsid	klebsiella phage st13	hepatocellular cancer	lumen	decreased	disbiome.tsv
enterobacter	terminase_1, phage_portal, phage_capsid	klebsiella phage st13	hiv	lumen	increased	disbiome.tsv
klebsiella	terminase_1, phage_portal, phage_capsid	klebsiella phage st13	hiv	mucosa	increased	disbiome.tsv/MicroPhenoDB.txt
klebsiella	terminase_1, phage_portal, phage_capsid	klebsiella phage st13	hypertension	gastrointestinal tract	decreased	disbiome.tsv
enterobacter	terminase_1, phage_portal, phage_capsid	klebsiella phage st13	hypertension	lumen	increased	disbiome.tsv
klebsiella	terminase_1, phage_portal, phage_capsid	klebsiella phage st13	hypertension	gastrointestinal tract	increased	MicroPhenoDB.txt/disbiome.tsv
klebsiella	terminase_1, phage_portal, phage_capsid	klebsiella phage st13	infantile eczema	lumen	decreased	disbiome.tsv
cronobacter	terminase_1, phage_portal, phage_capsid	klebsiella phage st13	infantile eczema	lumen	increased	disbiome.tsv
enterobacter	terminase_1, phage_portal, phage_capsid	klebsiella phage st13	infantile eczema	lumen	increased	disbiome.tsv
enterobacter	terminase_1, phage_portal, phage_capsid	klebsiella phage st13	inflammatory bowel diseases	gastrointestinal disorders	decreased	Peryton-results.tsv
pediococcus	terminase_1, phage_portal, phage_capsid	klebsiella phage st13	irritable bowel syndrome	gastrointestinal disorders	present	Peryton-results.tsv
klebsiella	terminase_1, phage_portal, phage_capsid	klebsiella phage st13	irritable bowel syndrome	gastrointestinal tract	increased	disbiome.tsv
escherichia	terminase_1, phage_portal, phage_capsid	klebsiella phage st13	non-alcoholic fatty liver disease	gastrointestinal tract	increased	MicroPhenoDB.txt/disbiome.tsv
citrobacter	terminase_1, phage_portal, phage_capsid	klebsiella phage st13	irritable bowel syndrome	lumen	increased	disbiome.tsv
salmonella	terminase_1, phage_portal, phage_capsid	klebsiella phage st13	parkinson disease	neurodegenerative disorders	increased	Peryton-results.tsv/disbiome.tsv
escherichia	terminase_1, phage_portal, phage_capsid	klebsiella phage st13	non-alcoholic steatohepatitis	gastrointestinal tract	increased	MicroPhenoDB.txt/disbiome.tsv
citrobacter	terminase_1, phage_portal, phage_capsid	klebsiella phage st13	ischemia	gastrointestinal tract	increased	MicroPhenoDB.txt
escherichia	terminase_1, phage_portal, phage_capsid	klebsiella phage st13	obesity	gastrointestinal tract	increased	MicroPhenoDB.txt/disbiome.tsv
enterobacter	terminase_1, phage_portal, phage_capsid	klebsiella phage st13	ischemia	gastrointestinal tract	increased	MicroPhenoDB.txt
escherichia	terminase_1, phage_portal, phage_capsid	klebsiella phage st13	ischemia	gastrointestinal tract	increased	MicroPhenoDB.txt
klebsiella	terminase_1, phage_portal, phage_capsid	klebsiella phage st13	ischemia	gastrointestinal tract	increased	MicroPhenoDB.txt
klebsiella	terminase_1, phage_portal, phage_capsid	klebsiella phage st13	juvenile idiopathic arthritis	lumen	increased	disbiome.tsv
klebsiella	terminase_1, phage_portal, phage_capsid	klebsiella phage st13	keratitis	lumen	decreased	disbiome.tsv
klebsiella	terminase_1, phage_portal, phage_capsid	klebsiella phage st13	liver neoplasms	cancers	increased	Peryton-results.tsv
escherichia	terminase_1, phage_portal, phage_capsid	klebsiella phage st13	pouchitis	gastrointestinal tract	increased	MicroPhenoDB.txt/disbiome.tsv
salmonella	terminase_1, phage_portal, phage_capsid	klebsiella phage st13	preeclampsia	placenta	increased	MicroPhenoDB.txt/disbiome.tsv
enterobacter	terminase_1, phage_portal, phage_capsid	klebsiella phage st13	lung neoplasms	cancers	decreased	Peryton-results.tsv
klebsiella	terminase_1, phage_portal, phage_capsid	klebsiella phage st13	lung neoplasms	cancers	decreased	Peryton-results.tsv
escherichia	terminase_1, phage_portal, phage_capsid	klebsiella phage st13	preeclampsia	placenta	increased	MicroPhenoDB.txt/disbiome.tsv
enterobacter	terminase_1, phage_portal, phage_capsid	klebsiella phage st13	microscopic colitis	mucosa	decreased	disbiome.tsv
klebsiella	terminase_1, phage_portal, phage_capsid	klebsiella phage st13	necrotizing enterocolitis	gastrointestinal tract	decreased	HMDAD.txt/MicroPhenoDB.txt/disbiome.tsv
citrobacter	terminase_1, phage_portal, phage_capsid	klebsiella phage st13	mouth neoplasms	cancers	increased	Peryton-results.tsv
pediococcus	terminase_1, phage_portal, phage_capsid	klebsiella phage st13	mouth neoplasms	cancers	increased	Peryton-results.tsv
klebsiella	terminase_1, phage_portal, phage_capsid	klebsiella phage st13	oligoasthenoteratozoospermia	genitals	increased	MicroPhenoDB.txt/disbiome.tsv
klebsiella	terminase_1, phage_portal, phage_capsid	klebsiella phage st13	otitis media	nasal	increased	MicroPhenoDB.txt/disbiome.tsv
escherichia	terminase_1, phage_portal, phage_capsid	klebsiella phage st13	mouth neoplasms	cancers	increased	Peryton-results.tsv
escherichia	terminase_1, phage_portal, phage_capsid	klebsiella phage st13	myasthenia gravis	lumen	increased	disbiome.tsv
citrobacter	terminase_1, phage_portal, phage_capsid	klebsiella phage st13	ulcerative colitis	mucosa	increased	disbiome.tsv/MicroPhenoDB.txt/Peryton-results.tsv
klebsiella	terminase_1, phage_portal, phage_capsid	klebsiella phage st13	pancreatic carcinoma	gastrointestinal tract	increased	Peryton-results.tsv/disbiome.tsv/MicroPhenoDB.txt
enterobacter	terminase_1, phage_portal, phage_capsid	klebsiella phage st13	necrotizing enterocolitis	lumen	increased	disbiome.tsv
citrobacter	terminase_1, phage_portal, phage_capsid	klebsiella phage st13	gastric carcinoma	mucosa	increased	disbiome.tsv/MicroPhenoDB.txt
escherichia	terminase_1, phage_portal, phage_capsid	klebsiella phage st13	rectal carcinoma	colon	decreased	disbiome.tsv/Peryton-results.tsv
escherichia	terminase_1, phage_portal, phage_capsid	klebsiella phage st13	neisseria gonorrhoeae infection	oropharynx	decreased	disbiome.tsv
citrobacter	terminase_1, phage_portal, phage_capsid	klebsiella phage st13	non-alcoholic fatty liver disease	lumen	decreased	disbiome.tsv
klebsiella	terminase_1, phage_portal, phage_capsid	klebsiella phage st13	obesity	lumen	decreased	disbiome.tsv
klebsiella	terminase_1, phage_portal, phage_capsid	klebsiella phage st13	parkinson disease	neurodegenerative disorders	increased	Peryton-results.tsv/MicroPhenoDB.txt/disbiome.tsv
pantoea	terminase_1, phage_portal, phage_capsid	klebsiella phage st13	pancreatic neoplasms	cancers	decreased	Peryton-results.tsv
klebsiella	terminase_1, phage_portal, phage_capsid	klebsiella phage st13	parkinson disease	neurodegenerative disorders	decreased	Peryton-results.tsv
escherichia	terminase_1, phage_portal, phage_capsid	klebsiella phage st13	pelvic inflammatory disease	pelvis	increased	disbiome.tsv
enterobacter	terminase_1, phage_portal, phage_capsid	klebsiella phage st13	pharyngeal neoplasms	cancers	increased	Peryton-results.tsv
escherichia	terminase_1, phage_portal, phage_capsid	klebsiella phage st13	short bowel syndrome	gastrointestinal tract	increased	MicroPhenoDB.txt/disbiome.tsv
escherichia	terminase_1, phage_portal, phage_capsid	klebsiella phage st13	pouchitis	gastrointestinal tract	decreased	disbiome.tsv
klebsiella	terminase_1, phage_portal, phage_capsid	klebsiella phage st13	primary biliary cirrhosis	gastrointestinal tract	increased	MicroPhenoDB.txt/disbiome.tsv
klebsiella	terminase_1, phage_portal, phage_capsid	klebsiella phage st13	primary biliary cholangitis	lumen	increased	disbiome.tsv
escherichia	terminase_1, phage_portal, phage_capsid	klebsiella phage st13	sickle cell anemia	gastrointestinal tract	increased	MicroPhenoDB.txt/disbiome.tsv
citrobacter	terminase_1, phage_portal, phage_capsid	klebsiella phage st13	primary biliary cholangitis	lumen	increased	disbiome.tsv
escherichia	terminase_1, phage_portal, phage_capsid	klebsiella phage st13	sjogren syndrome	gastrointestinal tract	increased	MicroPhenoDB.txt/disbiome.tsv
salmonella	terminase_1, phage_portal, phage_capsid	klebsiella phage st13	primary biliary cholangitis	lumen	increased	disbiome.tsv
enterobacter	terminase_1, phage_portal, phage_capsid	klebsiella phage st13	primary liver cancer	lumen	increased	disbiome.tsv
escherichia	terminase_1, phage_portal, phage_capsid	klebsiella phage st13	primary sclerosing cholangitis-ibd	mucosa	increased	disbiome.tsv
enterobacter	terminase_1, phage_portal, phage_capsid	klebsiella phage st13	pulmonary arterial hypertension	urinary tract	decreased	MicroPhenoDB.txt
klebsiella	terminase_1, phage_portal, phage_capsid	klebsiella phage st13	pulmonary arterial hypertension	urinary tract	decreased	MicroPhenoDB.txt
escherichia	terminase_1, phage_portal, phage_capsid	klebsiella phage st13	pulmonary tubercolosis	lumen	increased	disbiome.tsv
klebsiella	terminase_1, phage_portal, phage_capsid	klebsiella phage st13	rheumatoid arthritis	lumen	increased	disbiome.tsv
salmonella enterica	terminase_1, phage_portal, phage_capsid	klebsiella phage st13	salmonella gastroenteritis	other	increased	MicroPhenoDB.txt
klebsiella	terminase_1, phage_portal, phage_capsid	klebsiella phage st13	sarcopenia	lumen	increased	disbiome.tsv
klebsiella	terminase_1, phage_portal, phage_capsid	klebsiella phage st13	seminal hyperviscosity	genitals	increased	MicroPhenoDB.txt/disbiome.tsv
escherichia	terminase_1, phage_portal, phage_capsid	klebsiella phage st13	schizophrenia	lumen	increased	disbiome.tsv
salmonella enterica	terminase_1, phage_portal, phage_capsid	klebsiella phage st13	crohn disease	gastrointestinal tract	increased	MicroPhenoDB.txt/disbiome.tsv
klebsiella	terminase_1, phage_portal, phage_capsid	klebsiella phage st13	schizophrenia	lumen	increased	disbiome.tsv
klebsiella	terminase_1, phage_portal, phage_capsid	klebsiella phage st13	short bowel syndrome	gastrointestinal tract	increased	MicroPhenoDB.txt/disbiome.tsv
escherichia	terminase_1, phage_portal, phage_capsid	klebsiella phage st13	sclerosing cholangitis	gastrointestinal tract	increased	MicroPhenoDB.txt
escherichia	terminase_1, phage_portal, phage_capsid	klebsiella phage st13	severe fever with thrombocytopenia syndrome	lumen	increased	disbiome.tsv
salmonella	terminase_1, phage_portal, phage_capsid	klebsiella phage st13	type 1 diabetes	gastrointestinal tract	increased	HMDAD.txt/MicroPhenoDB.txt
citrobacter	terminase_1, phage_portal, phage_capsid	klebsiella phage st13	short bowel syndrome	lumen	increased	disbiome.tsv
escherichia	terminase_1, phage_portal, phage_capsid	klebsiella phage st13	type 1 diabetes	gastrointestinal tract	increased	HMDAD.txt/MicroPhenoDB.txt
escherichia	terminase_1, phage_portal, phage_capsid	klebsiella phage st13	stomach neoplasms	cancers	decreased	Peryton-results.tsv
klebsiella	terminase_1, phage_portal, phage_capsid	klebsiella phage st13	stomach neoplasms	cancers	increased	Peryton-results.tsv
klebsiella	terminase_1, phage_portal, phage_capsid	klebsiella phage st13	systemic lupus erythematosus	gastrointestinal tract	increased	MicroPhenoDB.txt/disbiome.tsv
klebsiella	terminase_1, phage_portal, phage_capsid	klebsiella phage st13	stomach neoplasms	cancers	decreased	Peryton-results.tsv
klebsiella	terminase_1, phage_portal, phage_capsid	klebsiella phage st13	systemic inflammatory response syndrome	gastrointestinal tract	decreased	HMDAD.txt
citrobacter	terminase_1, phage_portal, phage_capsid	klebsiella phage st13	systemic sclerosis	lesion	increased	disbiome.tsv
klebsiella	terminase_1, phage_portal, phage_capsid	klebsiella phage st13	thyroid carcinoma	lumen	increased	disbiome.tsv/Peryton-results.tsv
klebsiella	terminase_1, phage_portal, phage_capsid	klebsiella phage st13	type 1 diabetes	gastrointestinal tract	increased	HMDAD.txt/MicroPhenoDB.txt
enterobacter	terminase_1, phage_portal, phage_capsid	klebsiella phage st13	t2d with hypertension	bladder	decreased	disbiome.tsv
klebsiella	terminase_1, phage_portal, phage_capsid	klebsiella phage st13	t2d with hypertension	bladder	decreased	disbiome.tsv
klebsiella	terminase_1, phage_portal, phage_capsid	klebsiella phage st13	type 2 diabetes	urinary tract	decreased	MicroPhenoDB.txt/disbiome.tsv
citrobacter	terminase_1, phage_portal, phage_capsid	klebsiella phage st13	type 1 diabetes	gastrointestinal tract	increased	HMDAD.txt
pediococcus	terminase_1, phage_portal, phage_capsid	klebsiella phage st13	type 2 diabetes	lumen	decreased	disbiome.tsv
escherichia	terminase_1, phage_portal, phage_capsid	klebsiella phage st13	type 2 diabetes	mucosa	increased	disbiome.tsv
klebsiella	terminase_1, phage_portal, phage_capsid	klebsiella phage st13	type 2 diabetes	bladder	increased	disbiome.tsv
enterobacter	terminase_1, phage_portal, phage_capsid	klebsiella phage st13	ulcerative colitis	gastrointestinal disorders	increased	Peryton-results.tsv
escherichia	terminase_1, phage_portal, phage_capsid	klebsiella phage st13	ulcerative colitis	gastrointestinal disorders	increased	Peryton-results.tsv
escherichia	terminase_1, phage_portal, phage_capsid	klebsiella phage st13	ulcerative colitis	gastrointestinal disorders	decreased	Peryton-results.tsv
klebsiella	terminase_1, phage_portal, phage_capsid	klebsiella phage st13	ulcerative colitis	gastrointestinal disorders	increased	Peryton-results.tsv
klebsiella	terminase_1, phage_portal, phage_capsid	klebsiella phage st13	urinary bladder neoplasms	cancers	increased	Peryton-results.tsv
citrobacter amalonaticus	terminase_1, phage_portal, phage_capsid	klebsiella phage st13	urinary tract infection	other	increased	MicroPhenoDB.txt
enterobacter	terminase_1, phage_portal, phage_capsid	klebsiella phage st13	uterine cervical neoplasms	cancers	decreased	Peryton-results.tsv