Bacterial Species	Genomic Pattern	Connected Phage	Human Disease	Disease Category	Abundance Change	Source Database	
citrobacter	terminase_1, phage_portal, phage_capsid	uc phage clone 2ax_6	necrotizing enterocolitis	gastrointestinal tract	increase	HMDAD.txt
klebsiella	terminase_1, phage_portal, phage_capsid	uc phage clone 2ax_6	necrotizing enterocolitis	gastrointestinal tract	decrease	HMDAD.txt
klebsiella	terminase_1, phage_portal, phage_capsid	uc phage clone 2ax_6	systemic inflammatory response syndrome	gastrointestinal tract	decrease	HMDAD.txt
citrobacter	terminase_1, phage_portal, phage_capsid	uc phage clone 2ax_6	type 1 diabetes	gastrointestinal tract	increase	HMDAD.txt
cronobacter	terminase_1, phage_portal, phage_capsid	uc phage clone 2ax_6	type 1 diabetes	gastrointestinal tract	increase	HMDAD.txt
enterobacter	terminase_1, phage_portal, phage_capsid	uc phage clone 2ax_6	type 1 diabetes	gastrointestinal tract	increase	HMDAD.txt
escherichia	terminase_1, phage_portal, phage_capsid	uc phage clone 2ax_6	type 1 diabetes	gastrointestinal tract	increase	HMDAD.txt
klebsiella	terminase_1, phage_portal, phage_capsid	uc phage clone 2ax_6	type 1 diabetes	gastrointestinal tract	increase	HMDAD.txt
pantoea	terminase_1, phage_portal, phage_capsid	uc phage clone 2ax_6	type 1 diabetes	gastrointestinal tract	increase	HMDAD.txt
salmonella	terminase_1, phage_portal, phage_capsid	uc phage clone 2ax_6	type 1 diabetes	gastrointestinal tract	increase	HMDAD.txt
pantoea	terminase_1, phage_portal, phage_capsid	uc phage clone 2ax_6	type i diabetes mellitus	gastrointestinal tract	increase	MicroPhenoDB.txt
escherichia	terminase_1, phage_portal, phage_capsid	uc phage clone 2ax_6	alzheimers disease	gastrointestinal tract	increase	MicroPhenoDB.txt
escherichia	terminase_1, phage_portal, phage_capsid	uc phage clone 2ax_6	preeclampsia	placenta	increase	MicroPhenoDB.txt
escherichia	terminase_1, phage_portal, phage_capsid	uc phage clone 2ax_6	hiv infection	other	increase	MicroPhenoDB.txt
citrobacter	terminase_1, phage_portal, phage_capsid	uc phage clone 2ax_6	pouchitis	gastrointestinal tract	increase	MicroPhenoDB.txt
citrobacter	terminase_1, phage_portal, phage_capsid	uc phage clone 2ax_6	gastroenteritis	gastrointestinal tract	increase	MicroPhenoDB.txt
klebsiella	terminase_1, phage_portal, phage_capsid	uc phage clone 2ax_6	hiv infection	other	increase	MicroPhenoDB.txt
citrobacter	terminase_1, phage_portal, phage_capsid	uc phage clone 2ax_6	hepatitis c infection	gastrointestinal tract	increase	MicroPhenoDB.txt
salmonella	terminase_1, phage_portal, phage_capsid	uc phage clone 2ax_6	hiv infection	other	increase	MicroPhenoDB.txt
enterobacter	terminase_1, phage_portal, phage_capsid	uc phage clone 2ax_6	crohn's disease	gastrointestinal tract	decrease	MicroPhenoDB.txt
klebsiella	terminase_1, phage_portal, phage_capsid	uc phage clone 2ax_6	hypertension	gastrointestinal tract	increase	MicroPhenoDB.txt
escherichia	terminase_1, phage_portal, phage_capsid	uc phage clone 2ax_6	sjogren syndrome	gastrointestinal tract	increase	MicroPhenoDB.txt
escherichia	terminase_1, phage_portal, phage_capsid	uc phage clone 2ax_6	hirschsprung disease - nail hypoplasia - dysmorphism	gastrointestinal tract	increase	MicroPhenoDB.txt
salmonella	terminase_1, phage_portal, phage_capsid	uc phage clone 2ax_6	hypertension	gastrointestinal tract	increase	MicroPhenoDB.txt
klebsiella	terminase_1, phage_portal, phage_capsid	uc phage clone 2ax_6	celiac disease	gastrointestinal tract	increase	MicroPhenoDB.txt
cronobacter	terminase_1, phage_portal, phage_capsid	uc phage clone 2ax_6	atopic eczema	gastrointestinal tract	increase	MicroPhenoDB.txt
salmonella	terminase_1, phage_portal, phage_capsid	uc phage clone 2ax_6	celiac disease	gastrointestinal tract	increase	MicroPhenoDB.txt
klebsiella	terminase_1, phage_portal, phage_capsid	uc phage clone 2ax_6	systemic lupus erythematosus	gastrointestinal tract	increase	MicroPhenoDB.txt
klebsiella	terminase_1, phage_portal, phage_capsid	uc phage clone 2ax_6	primary biliary cirrhosis	gastrointestinal tract	increase	MicroPhenoDB.txt
escherichia	terminase_1, phage_portal, phage_capsid	uc phage clone 2ax_6	non-alcoholic fatty liver disease	gastrointestinal tract	increase	MicroPhenoDB.txt
klebsiella	terminase_1, phage_portal, phage_capsid	uc phage clone 2ax_6	ischemia	gastrointestinal tract	increase	MicroPhenoDB.txt
enterobacter	terminase_1, phage_portal, phage_capsid	uc phage clone 2ax_6	cirrhosis of liver	gastrointestinal tract	increase	MicroPhenoDB.txt
escherichia	terminase_1, phage_portal, phage_capsid	uc phage clone 2ax_6	hepatic vein thrombosis	gastrointestinal tract	decrease	MicroPhenoDB.txt
enterobacter	terminase_1, phage_portal, phage_capsid	uc phage clone 2ax_6	transient ischemic attack	gastrointestinal tract	increase	MicroPhenoDB.txt
klebsiella	terminase_1, phage_portal, phage_capsid	uc phage clone 2ax_6	ankylosing spondylitis	gastrointestinal tract	decrease	MicroPhenoDB.txt
citrobacter	terminase_1, phage_portal, phage_capsid	uc phage clone 2ax_6	chronic obstructive pulmonary disease	respiratory tract	decrease	MicroPhenoDB.txt
cronobacter	terminase_1, phage_portal, phage_capsid	uc phage clone 2ax_6	pancreatic carcinoma	gastrointestinal tract	increase	MicroPhenoDB.txt
citrobacter	terminase_1, phage_portal, phage_capsid	uc phage clone 2ax_6	crohn's disease	gastrointestinal tract	increase	MicroPhenoDB.txt
klebsiella	terminase_1, phage_portal, phage_capsid	uc phage clone 2ax_6	type i diabetes mellitus	gastrointestinal tract	increase	MicroPhenoDB.txt
salmonella	terminase_1, phage_portal, phage_capsid	uc phage clone 2ax_6	type i diabetes mellitus	gastrointestinal tract	increase	MicroPhenoDB.txt
citrobacter	terminase_1, phage_portal, phage_capsid	uc phage clone 2ax_6	ischemia	gastrointestinal tract	increase	MicroPhenoDB.txt
citrobacter	terminase_1, phage_portal, phage_capsid	uc phage clone 2ax_6	necrotizing enterocolitis	gastrointestinal tract	increase	MicroPhenoDB.txt
citrobacter	terminase_1, phage_portal, phage_capsid	uc phage clone 2ax_6	ankylosing spondylitis	gastrointestinal tract	decrease	MicroPhenoDB.txt
escherichia	terminase_1, phage_portal, phage_capsid	uc phage clone 2ax_6	colorectal adenocarcinoma	other	decrease	MicroPhenoDB.txt
klebsiella	terminase_1, phage_portal, phage_capsid	uc phage clone 2ax_6	parkinson's disease	gastrointestinal tract	increase	MicroPhenoDB.txt
escherichia	terminase_1, phage_portal, phage_capsid	uc phage clone 2ax_6	chronic rhinosinusitis	auditory meatus	increase	MicroPhenoDB.txt
klebsiella	terminase_1, phage_portal, phage_capsid	uc phage clone 2ax_6	otitis media	nasal cavity	increase	MicroPhenoDB.txt
cronobacter	terminase_1, phage_portal, phage_capsid	uc phage clone 2ax_6	interstitial cystitis	urinary tract	increase	MicroPhenoDB.txt
escherichia	terminase_1, phage_portal, phage_capsid	uc phage clone 2ax_6	type i diabetes mellitus	gastrointestinal tract	increase	MicroPhenoDB.txt
escherichia	terminase_1, phage_portal, phage_capsid	uc phage clone 2ax_6	sclerosing cholangitis	gastrointestinal tract	increase	MicroPhenoDB.txt
klebsiella	terminase_1, phage_portal, phage_capsid	uc phage clone 2ax_6	atopic eczema	gastrointestinal tract	decrease	MicroPhenoDB.txt
klebsiella	terminase_1, phage_portal, phage_capsid	uc phage clone 2ax_6	congenital short bowel syndrome	gastrointestinal tract	increase	MicroPhenoDB.txt
klebsiella	terminase_1, phage_portal, phage_capsid	uc phage clone 2ax_6	asthma	respiratory tract	increase	MicroPhenoDB.txt
klebsiella	terminase_1, phage_portal, phage_capsid	uc phage clone 2ax_6	atherosclerosis	gastrointestinal tract	increase	MicroPhenoDB.txt
citrobacter	terminase_1, phage_portal, phage_capsid	uc phage clone 2ax_6	hiv infection	cervix	increase	MicroPhenoDB.txt
klebsiella	terminase_1, phage_portal, phage_capsid	uc phage clone 2ax_6	necrotizing enterocolitis	gastrointestinal tract	decrease	MicroPhenoDB.txt
citrobacter	terminase_1, phage_portal, phage_capsid	uc phage clone 2ax_6	bacteria vaginosis	cervix	increase	MicroPhenoDB.txt
klebsiella	terminase_1, phage_portal, phage_capsid	uc phage clone 2ax_6	oligoasthenoteratozoospermia	genitals	increase	MicroPhenoDB.txt
escherichia	terminase_1, phage_portal, phage_capsid	uc phage clone 2ax_6	pouchitis	gastrointestinal tract	increase	MicroPhenoDB.txt
cronobacter	terminase_1, phage_portal, phage_capsid	uc phage clone 2ax_6	type i diabetes mellitus	gastrointestinal tract	increase	MicroPhenoDB.txt
klebsiella	terminase_1, phage_portal, phage_capsid	uc phage clone 2ax_6	type 2 diabetes	urinary tract	decrease	MicroPhenoDB.txt
escherichia	terminase_1, phage_portal, phage_capsid	uc phage clone 2ax_6	hepatitis c infection	gastrointestinal tract	increase	MicroPhenoDB.txt
citrobacter	terminase_1, phage_portal, phage_capsid	uc phage clone 2ax_6	gastric carcinoma	other	increase	MicroPhenoDB.txt
escherichia	terminase_1, phage_portal, phage_capsid	uc phage clone 2ax_6	congenital short bowel syndrome	gastrointestinal tract	increase	MicroPhenoDB.txt
enterobacter	terminase_1, phage_portal, phage_capsid	uc phage clone 2ax_6	ischemia	gastrointestinal tract	increase	MicroPhenoDB.txt
escherichia	terminase_1, phage_portal, phage_capsid	uc phage clone 2ax_6	hepatitis b infection	gastrointestinal tract	decrease	MicroPhenoDB.txt
enterobacter	terminase_1, phage_portal, phage_capsid	uc phage clone 2ax_6	type i diabetes mellitus	gastrointestinal tract	increase	MicroPhenoDB.txt
klebsiella	terminase_1, phage_portal, phage_capsid	uc phage clone 2ax_6	colorectal cancer	gastrointestinal tract	increase	MicroPhenoDB.txt
enterobacter	terminase_1, phage_portal, phage_capsid	uc phage clone 2ax_6	ankylosing spondylitis	gastrointestinal tract	decrease	MicroPhenoDB.txt
escherichia	terminase_1, phage_portal, phage_capsid	uc phage clone 2ax_6	sickle cell anemia	gastrointestinal tract	increase	MicroPhenoDB.txt
pediococcus	terminase_1, phage_portal, phage_capsid	uc phage clone 2ax_6	hepatitis c infection	gastrointestinal tract	increase	MicroPhenoDB.txt
citrobacter	terminase_1, phage_portal, phage_capsid	uc phage clone 2ax_6	ulcerative colitis	other	increase	MicroPhenoDB.txt
klebsiella	terminase_1, phage_portal, phage_capsid	uc phage clone 2ax_6	gastroenteritis	gastrointestinal tract	increase	MicroPhenoDB.txt
escherichia	terminase_1, phage_portal, phage_capsid	uc phage clone 2ax_6	crohn's disease	other	increase	MicroPhenoDB.txt
enterobacter	terminase_1, phage_portal, phage_capsid	uc phage clone 2ax_6	pulmonary arterial hypertension associated with another disease	urinary tract	decrease	MicroPhenoDB.txt
escherichia	terminase_1, phage_portal, phage_capsid	uc phage clone 2ax_6	obesity	gastrointestinal tract	increase	MicroPhenoDB.txt
escherichia	terminase_1, phage_portal, phage_capsid	uc phage clone 2ax_6	ischemia	gastrointestinal tract	increase	MicroPhenoDB.txt
klebsiella	terminase_1, phage_portal, phage_capsid	uc phage clone 2ax_6	crohn's disease	other	decrease	MicroPhenoDB.txt
escherichia	terminase_1, phage_portal, phage_capsid	uc phage clone 2ax_6	colorectal cancer	gastrointestinal tract	increase	MicroPhenoDB.txt
klebsiella	terminase_1, phage_portal, phage_capsid	uc phage clone 2ax_6	seminal hyperviscosity	genitals	increase	MicroPhenoDB.txt
klebsiella	terminase_1, phage_portal, phage_capsid	uc phage clone 2ax_6	pulmonary arterial hypertension associated with another disease	urinary tract	decrease	MicroPhenoDB.txt
escherichia	terminase_1, phage_portal, phage_capsid	uc phage clone 2ax_6	non-alcoholic steatohepatitis	gastrointestinal tract	increase	MicroPhenoDB.txt
salmonella	terminase_1, phage_portal, phage_capsid	uc phage clone 2ax_6	preeclampsia	placenta	increase	MicroPhenoDB.txt
enterobacter	terminase_1, phage_portal, phage_capsid	uc phage clone 2ax_6	atopic eczema	gastrointestinal tract	increase	MicroPhenoDB.txt
klebsiella	terminase_1, phage_portal, phage_capsid	uc phage clone 2ax_6	pancreatic carcinoma	gastrointestinal tract	increase	MicroPhenoDB.txt
enterobacter	terminase_1, phage_portal, phage_capsid	uc phage clone 2ax_6	alcoholic pancreatitis	gastrointestinal tract	increase	MicroPhenoDB.txt
enterobacter	terminase_1, phage_portal, phage_capsid	uc phage clone 2ax_6	pancreatic carcinoma	gastrointestinal tract	increase	MicroPhenoDB.txt
citrobacter	terminase_1, phage_portal, phage_capsid	uc phage clone 2ax_6	crohn disease	gastrointestinal disorders	increased	Peryton-results.tsv
citrobacter	terminase_1, phage_portal, phage_capsid	uc phage clone 2ax_6	colorectal neoplasms	cancers	increased	Peryton-results.tsv
klebsiella	terminase_1, phage_portal, phage_capsid	uc phage clone 2ax_6	colorectal neoplasms	cancers	increased	Peryton-results.tsv
klebsiella	terminase_1, phage_portal, phage_capsid	uc phage clone 2ax_6	celiac disease	gastrointestinal disorders	increased	Peryton-results.tsv
salmonella	terminase_1, phage_portal, phage_capsid	uc phage clone 2ax_6	celiac disease	gastrointestinal disorders	increased	Peryton-results.tsv
pediococcus	terminase_1, phage_portal, phage_capsid	uc phage clone 2ax_6	irritable bowel syndrome	gastrointestinal disorders	present	Peryton-results.tsv
klebsiella	terminase_1, phage_portal, phage_capsid	uc phage clone 2ax_6	colorectal neoplasms	cancers	increased	Peryton-results.tsv
enterobacter	terminase_1, phage_portal, phage_capsid	uc phage clone 2ax_6	irritable bowel syndrome	gastrointestinal disorders	increased	Peryton-results.tsv
enterobacter	terminase_1, phage_portal, phage_capsid	uc phage clone 2ax_6	inflammatory bowel diseases	gastrointestinal disorders	decreased	Peryton-results.tsv
citrobacter	terminase_1, phage_portal, phage_capsid	uc phage clone 2ax_6	irritable bowel syndrome	gastrointestinal disorders	decreased	Peryton-results.tsv
escherichia	terminase_1, phage_portal, phage_capsid	uc phage clone 2ax_6	irritable bowel syndrome	gastrointestinal disorders	increased	Peryton-results.tsv
enterobacter	terminase_1, phage_portal, phage_capsid	uc phage clone 2ax_6	breast neoplasms	cancers	present	Peryton-results.tsv
klebsiella	terminase_1, phage_portal, phage_capsid	uc phage clone 2ax_6	crohn disease	gastrointestinal disorders	decreased	Peryton-results.tsv
citrobacter	terminase_1, phage_portal, phage_capsid	uc phage clone 2ax_6	ulcerative colitis	gastrointestinal disorders	increased	Peryton-results.tsv
klebsiella	terminase_1, phage_portal, phage_capsid	uc phage clone 2ax_6	colorectal neoplasms	cancers	decreased	Peryton-results.tsv
citrobacter	terminase_1, phage_portal, phage_capsid	uc phage clone 2ax_6	ulcerative colitis	gastrointestinal disorders	increased	Peryton-results.tsv
escherichia	terminase_1, phage_portal, phage_capsid	uc phage clone 2ax_6	colorectal neoplasms	cancers	increased	Peryton-results.tsv
escherichia	terminase_1, phage_portal, phage_capsid	uc phage clone 2ax_6	colorectal neoplasms	cancers	increased	Peryton-results.tsv
enterobacter	terminase_1, phage_portal, phage_capsid	uc phage clone 2ax_6	ulcerative colitis	gastrointestinal disorders	increased	Peryton-results.tsv
escherichia	terminase_1, phage_portal, phage_capsid	uc phage clone 2ax_6	ulcerative colitis	gastrointestinal disorders	increased	Peryton-results.tsv
klebsiella	terminase_1, phage_portal, phage_capsid	uc phage clone 2ax_6	ulcerative colitis	gastrointestinal disorders	increased	Peryton-results.tsv
escherichia	terminase_1, phage_portal, phage_capsid	uc phage clone 2ax_6	rectal neoplasms	cancers	decreased	Peryton-results.tsv
escherichia	terminase_1, phage_portal, phage_capsid	uc phage clone 2ax_6	rectal neoplasms	cancers	decreased	Peryton-results.tsv
escherichia	terminase_1, phage_portal, phage_capsid	uc phage clone 2ax_6	ulcerative colitis	gastrointestinal disorders	increased	Peryton-results.tsv
pantoea	terminase_1, phage_portal, phage_capsid	uc phage clone 2ax_6	colorectal neoplasms	cancers	decreased	Peryton-results.tsv
citrobacter	terminase_1, phage_portal, phage_capsid	uc phage clone 2ax_6	mouth neoplasms	cancers	increased	Peryton-results.tsv
escherichia	terminase_1, phage_portal, phage_capsid	uc phage clone 2ax_6	mouth neoplasms	cancers	increased	Peryton-results.tsv
pediococcus	terminase_1, phage_portal, phage_capsid	uc phage clone 2ax_6	mouth neoplasms	cancers	increased	Peryton-results.tsv
citrobacter	terminase_1, phage_portal, phage_capsid	uc phage clone 2ax_6	crohn disease	gastrointestinal disorders	decreased	Peryton-results.tsv
citrobacter	terminase_1, phage_portal, phage_capsid	uc phage clone 2ax_6	ulcerative colitis	gastrointestinal disorders	increased	Peryton-results.tsv
citrobacter	terminase_1, phage_portal, phage_capsid	uc phage clone 2ax_6	ulcerative colitis	gastrointestinal disorders	increased	Peryton-results.tsv
escherichia	terminase_1, phage_portal, phage_capsid	uc phage clone 2ax_6	crohn disease	gastrointestinal disorders	increased	Peryton-results.tsv
escherichia	terminase_1, phage_portal, phage_capsid	uc phage clone 2ax_6	crohn disease	gastrointestinal disorders	increased	Peryton-results.tsv
escherichia	terminase_1, phage_portal, phage_capsid	uc phage clone 2ax_6	ulcerative colitis	gastrointestinal disorders	decreased	Peryton-results.tsv
escherichia	terminase_1, phage_portal, phage_capsid	uc phage clone 2ax_6	atherosclerosis	cardiovascular diseases	increased	Peryton-results.tsv
escherichia	terminase_1, phage_portal, phage_capsid	uc phage clone 2ax_6	mouth neoplasms	cancers	increased	Peryton-results.tsv
klebsiella	terminase_1, phage_portal, phage_capsid	uc phage clone 2ax_6	crohn disease	gastrointestinal disorders	increased	Peryton-results.tsv
cronobacter	terminase_1, phage_portal, phage_capsid	uc phage clone 2ax_6	pancreatic neoplasms	cancers	increased	Peryton-results.tsv
cronobacter	terminase_1, phage_portal, phage_capsid	uc phage clone 2ax_6	pancreatic neoplasms	cancers	increased	Peryton-results.tsv
klebsiella	terminase_1, phage_portal, phage_capsid	uc phage clone 2ax_6	pancreatic neoplasms	cancers	increased	Peryton-results.tsv
klebsiella	terminase_1, phage_portal, phage_capsid	uc phage clone 2ax_6	pancreatic neoplasms	cancers	increased	Peryton-results.tsv
klebsiella	terminase_1, phage_portal, phage_capsid	uc phage clone 2ax_6	constipation	gastrointestinal disorders	decreased	Peryton-results.tsv
klebsiella	terminase_1, phage_portal, phage_capsid	uc phage clone 2ax_6	parkinson disease	neurodegenerative disorders	increased	Peryton-results.tsv
escherichia	terminase_1, phage_portal, phage_capsid	uc phage clone 2ax_6	ulcerative colitis	gastrointestinal disorders	increased	Peryton-results.tsv
escherichia	terminase_1, phage_portal, phage_capsid	uc phage clone 2ax_6	crohn disease	gastrointestinal disorders	increased	Peryton-results.tsv
klebsiella	terminase_1, phage_portal, phage_capsid	uc phage clone 2ax_6	liver neoplasms	cancers	increased	Peryton-results.tsv
escherichia	terminase_1, phage_portal, phage_capsid	uc phage clone 2ax_6	crohn disease	gastrointestinal disorders	increased	Peryton-results.tsv
escherichia	terminase_1, phage_portal, phage_capsid	uc phage clone 2ax_6	crohn disease	gastrointestinal disorders	increased	Peryton-results.tsv
klebsiella	terminase_1, phage_portal, phage_capsid	uc phage clone 2ax_6	crohn disease	gastrointestinal disorders	increased	Peryton-results.tsv
klebsiella	terminase_1, phage_portal, phage_capsid	uc phage clone 2ax_6	liver neoplasms	cancers	increased	Peryton-results.tsv
escherichia	terminase_1, phage_portal, phage_capsid	uc phage clone 2ax_6	coronary artery disease	cardiovascular diseases	increased	Peryton-results.tsv
pediococcus	terminase_1, phage_portal, phage_capsid	uc phage clone 2ax_6	crohn disease	gastrointestinal disorders	increased	Peryton-results.tsv
klebsiella	terminase_1, phage_portal, phage_capsid	uc phage clone 2ax_6	stomach neoplasms	cancers	increased	Peryton-results.tsv
klebsiella	terminase_1, phage_portal, phage_capsid	uc phage clone 2ax_6	stomach neoplasms	cancers	increased	Peryton-results.tsv
klebsiella	terminase_1, phage_portal, phage_capsid	uc phage clone 2ax_6	thyroid neoplasms	cancers	increased	Peryton-results.tsv
citrobacter	terminase_1, phage_portal, phage_capsid	uc phage clone 2ax_6	crohn disease	gastrointestinal disorders	increased	Peryton-results.tsv
escherichia	terminase_1, phage_portal, phage_capsid	uc phage clone 2ax_6	crohn disease	gastrointestinal disorders	increased	Peryton-results.tsv
klebsiella	terminase_1, phage_portal, phage_capsid	uc phage clone 2ax_6	crohn disease	gastrointestinal disorders	increased	Peryton-results.tsv
escherichia	terminase_1, phage_portal, phage_capsid	uc phage clone 2ax_6	stomach neoplasms	cancers	decreased	Peryton-results.tsv
klebsiella	terminase_1, phage_portal, phage_capsid	uc phage clone 2ax_6	liver neoplasms	cancers	increased	Peryton-results.tsv
citrobacter	terminase_1, phage_portal, phage_capsid	uc phage clone 2ax_6	parkinson disease	neurodegenerative disorders	increased	Peryton-results.tsv
klebsiella	terminase_1, phage_portal, phage_capsid	uc phage clone 2ax_6	parkinson disease	neurodegenerative disorders	increased	Peryton-results.tsv
klebsiella	terminase_1, phage_portal, phage_capsid	uc phage clone 2ax_6	parkinson disease	neurodegenerative disorders	increased	Peryton-results.tsv
salmonella	terminase_1, phage_portal, phage_capsid	uc phage clone 2ax_6	parkinson disease	neurodegenerative disorders	increased	Peryton-results.tsv
klebsiella	terminase_1, phage_portal, phage_capsid	uc phage clone 2ax_6	colorectal neoplasms	cancers	decreased	Peryton-results.tsv
enterobacter	terminase_1, phage_portal, phage_capsid	uc phage clone 2ax_6	pharyngeal neoplasms	cancers	increased	Peryton-results.tsv
citrobacter	terminase_1, phage_portal, phage_capsid	uc phage clone 2ax_6	colorectal neoplasms	cancers	decreased	Peryton-results.tsv
cronobacter	terminase_1, phage_portal, phage_capsid	uc phage clone 2ax_6	colorectal neoplasms	cancers	decreased	Peryton-results.tsv
pantoea	terminase_1, phage_portal, phage_capsid	uc phage clone 2ax_6	pancreatic neoplasms	cancers	decreased	Peryton-results.tsv
enterobacter	terminase_1, phage_portal, phage_capsid	uc phage clone 2ax_6	alzheimer disease	neurodegenerative disorders	decreased	Peryton-results.tsv
escherichia	terminase_1, phage_portal, phage_capsid	uc phage clone 2ax_6	alzheimer disease	neurodegenerative disorders	increased	Peryton-results.tsv
escherichia	terminase_1, phage_portal, phage_capsid	uc phage clone 2ax_6	alzheimer disease	neurodegenerative disorders	increased	Peryton-results.tsv
escherichia	terminase_1, phage_portal, phage_capsid	uc phage clone 2ax_6	alzheimer disease	neurodegenerative disorders	increased	Peryton-results.tsv
klebsiella	terminase_1, phage_portal, phage_capsid	uc phage clone 2ax_6	stomach neoplasms	cancers	decreased	Peryton-results.tsv
enterobacter	terminase_1, phage_portal, phage_capsid	uc phage clone 2ax_6	lung neoplasms	cancers	decreased	Peryton-results.tsv
klebsiella	terminase_1, phage_portal, phage_capsid	uc phage clone 2ax_6	lung neoplasms	cancers	decreased	Peryton-results.tsv
enterobacter	terminase_1, phage_portal, phage_capsid	uc phage clone 2ax_6	uterine cervical neoplasms	cancers	decreased	Peryton-results.tsv
escherichia	terminase_1, phage_portal, phage_capsid	uc phage clone 2ax_6	esophageal neoplasms	cancers	decreased	Peryton-results.tsv
enterobacter	terminase_1, phage_portal, phage_capsid	uc phage clone 2ax_6	colorectal neoplasms	cancers	increased	Peryton-results.tsv
klebsiella	terminase_1, phage_portal, phage_capsid	uc phage clone 2ax_6	parkinson disease	neurodegenerative disorders	decreased	Peryton-results.tsv
klebsiella	terminase_1, phage_portal, phage_capsid	uc phage clone 2ax_6	parkinson disease	neurodegenerative disorders	increased	Peryton-results.tsv
citrobacter	terminase_1, phage_portal, phage_capsid	uc phage clone 2ax_6	colorectal neoplasms	cancers	increased	Peryton-results.tsv
klebsiella	terminase_1, phage_portal, phage_capsid	uc phage clone 2ax_6	colorectal neoplasms	cancers	increased	Peryton-results.tsv
salmonella	terminase_1, phage_portal, phage_capsid	uc phage clone 2ax_6	colorectal neoplasms	cancers	increased	Peryton-results.tsv
klebsiella	terminase_1, phage_portal, phage_capsid	uc phage clone 2ax_6	colorectal neoplasms	cancers	increased	Peryton-results.tsv
klebsiella	terminase_1, phage_portal, phage_capsid	uc phage clone 2ax_6	urinary bladder neoplasms	cancers	increased	Peryton-results.tsv
enterobacter	terminase_1, phage_portal, phage_capsid	uc phage clone 2ax_6	cirrhosis	lumen	elevated	disbiome.tsv
escherichia	terminase_1, phage_portal, phage_capsid	uc phage clone 2ax_6	pouchitis	lumen	elevated	disbiome.tsv
citrobacter	terminase_1, phage_portal, phage_capsid	uc phage clone 2ax_6	pouchitis	lumen	elevated	disbiome.tsv
escherichia	terminase_1, phage_portal, phage_capsid	uc phage clone 2ax_6	pouchitis	lumen	reduced	disbiome.tsv
escherichia	terminase_1, phage_portal, phage_capsid	uc phage clone 2ax_6	short bowel syndrome	lumen	elevated	disbiome.tsv
citrobacter	terminase_1, phage_portal, phage_capsid	uc phage clone 2ax_6	crohn's disease	lumen	reduced	disbiome.tsv
enterobacter	terminase_1, phage_portal, phage_capsid	uc phage clone 2ax_6	crohn's disease	lumen	reduced	disbiome.tsv
escherichia	terminase_1, phage_portal, phage_capsid	uc phage clone 2ax_6	crohn's disease	lumen	elevated	disbiome.tsv
escherichia	terminase_1, phage_portal, phage_capsid	uc phage clone 2ax_6	alzheimer's disease	lumen	elevated	disbiome.tsv
citrobacter	terminase_1, phage_portal, phage_capsid	uc phage clone 2ax_6	crohn's disease	lumen	elevated	disbiome.tsv
enterobacter	terminase_1, phage_portal, phage_capsid	uc phage clone 2ax_6	irritable bowel syndrome	lumen	elevated	disbiome.tsv
escherichia	terminase_1, phage_portal, phage_capsid	uc phage clone 2ax_6	colorectal cancer	mucosa	elevated	disbiome.tsv
klebsiella	terminase_1, phage_portal, phage_capsid	uc phage clone 2ax_6	colorectal cancer	lumen	elevated	disbiome.tsv
escherichia	terminase_1, phage_portal, phage_capsid	uc phage clone 2ax_6	hiv infection	lumen	elevated	disbiome.tsv
salmonella	terminase_1, phage_portal, phage_capsid	uc phage clone 2ax_6	hiv infection	mucosa	elevated	disbiome.tsv
escherichia	terminase_1, phage_portal, phage_capsid	uc phage clone 2ax_6	hiv infection	mucosa	elevated	disbiome.tsv
klebsiella	terminase_1, phage_portal, phage_capsid	uc phage clone 2ax_6	hiv infection	mucosa	elevated	disbiome.tsv
escherichia	terminase_1, phage_portal, phage_capsid	uc phage clone 2ax_6	sjögren syndrome	lumen	elevated	disbiome.tsv
salmonella	terminase_1, phage_portal, phage_capsid	uc phage clone 2ax_6	preeclamsia	placenta	elevated	disbiome.tsv
escherichia	terminase_1, phage_portal, phage_capsid	uc phage clone 2ax_6	preeclamsia	placenta	elevated	disbiome.tsv
citrobacter	terminase_1, phage_portal, phage_capsid	uc phage clone 2ax_6	bacterial vaginosis	vagina	elevated	disbiome.tsv
citrobacter	terminase_1, phage_portal, phage_capsid	uc phage clone 2ax_6	chronic obstructive pulmonary disease	lumen	reduced	disbiome.tsv
klebsiella	terminase_1, phage_portal, phage_capsid	uc phage clone 2ax_6	asthma	mucosa	elevated	disbiome.tsv
cronobacter	terminase_1, phage_portal, phage_capsid	uc phage clone 2ax_6	interstitial cystitis	bladder	elevated	disbiome.tsv
klebsiella	terminase_1, phage_portal, phage_capsid	uc phage clone 2ax_6	irritable bowel syndrome	lumen	elevated	disbiome.tsv
citrobacter	terminase_1, phage_portal, phage_capsid	uc phage clone 2ax_6	irritable bowel syndrome	lumen	reduced	disbiome.tsv
klebsiella	terminase_1, phage_portal, phage_capsid	uc phage clone 2ax_6	hypertension	lumen	elevated	disbiome.tsv
klebsiella	terminase_1, phage_portal, phage_capsid	uc phage clone 2ax_6	type 2 diabetes	bladder	reduced	disbiome.tsv
escherichia	terminase_1, phage_portal, phage_capsid	uc phage clone 2ax_6	rectal carcinoma	colon	reduced	disbiome.tsv
enterobacter	terminase_1, phage_portal, phage_capsid	uc phage clone 2ax_6	transient ischemic attack	lumen	elevated	disbiome.tsv
klebsiella	terminase_1, phage_portal, phage_capsid	uc phage clone 2ax_6	systemic lupus erythematosus	lumen	elevated	disbiome.tsv
escherichia	terminase_1, phage_portal, phage_capsid	uc phage clone 2ax_6	primary sclerosing cholangitis-ibd	mucosa	elevated	disbiome.tsv
salmonella	terminase_1, phage_portal, phage_capsid	uc phage clone 2ax_6	"celiac disease, coaliac disease"	lumen	elevated	disbiome.tsv
klebsiella	terminase_1, phage_portal, phage_capsid	uc phage clone 2ax_6	"celiac disease, coaliac disease"	lumen	elevated	disbiome.tsv
escherichia	terminase_1, phage_portal, phage_capsid	uc phage clone 2ax_6	obesity	lumen	elevated	disbiome.tsv
escherichia	terminase_1, phage_portal, phage_capsid	uc phage clone 2ax_6	non alcoholic steatohepatitis	lumen	elevated	disbiome.tsv
escherichia	terminase_1, phage_portal, phage_capsid	uc phage clone 2ax_6	non-alcoholic fatty liver disease	lumen	elevated	disbiome.tsv
klebsiella	terminase_1, phage_portal, phage_capsid	uc phage clone 2ax_6	primary biliary cirrhosis	lumen	elevated	disbiome.tsv
klebsiella	terminase_1, phage_portal, phage_capsid	uc phage clone 2ax_6	irritable bowel syndrome	lumen	elevated	disbiome.tsv
citrobacter	terminase_1, phage_portal, phage_capsid	uc phage clone 2ax_6	irritable bowel syndrome	lumen	elevated	disbiome.tsv
klebsiella	terminase_1, phage_portal, phage_capsid	uc phage clone 2ax_6	gastroenteritis	lumen	elevated	disbiome.tsv
citrobacter	terminase_1, phage_portal, phage_capsid	uc phage clone 2ax_6	gastroenteritis	lumen	elevated	disbiome.tsv
escherichia	terminase_1, phage_portal, phage_capsid	uc phage clone 2ax_6	irritable bowel syndrome	lumen	elevated	disbiome.tsv
klebsiella	terminase_1, phage_portal, phage_capsid	uc phage clone 2ax_6	primary biliary cholangitis	lumen	elevated	disbiome.tsv
enterobacter	terminase_1, phage_portal, phage_capsid	uc phage clone 2ax_6	ankylosing spondylitis	lumen	reduced	disbiome.tsv
citrobacter	terminase_1, phage_portal, phage_capsid	uc phage clone 2ax_6	ankylosing spondylitis	lumen	reduced	disbiome.tsv
klebsiella	terminase_1, phage_portal, phage_capsid	uc phage clone 2ax_6	ankylosing spondylitis	lumen	reduced	disbiome.tsv
klebsiella	terminase_1, phage_portal, phage_capsid	uc phage clone 2ax_6	atherosclerosis	lumen	elevated	disbiome.tsv
klebsiella	terminase_1, phage_portal, phage_capsid	uc phage clone 2ax_6	hypertension	lumen	elevated	disbiome.tsv
salmonella	terminase_1, phage_portal, phage_capsid	uc phage clone 2ax_6	hypertension	lumen	elevated	disbiome.tsv
klebsiella	terminase_1, phage_portal, phage_capsid	uc phage clone 2ax_6	parkinson's disease	lumen	elevated	disbiome.tsv
citrobacter	terminase_1, phage_portal, phage_capsid	uc phage clone 2ax_6	hiv infection	vagina	elevated	disbiome.tsv
enterobacter	terminase_1, phage_portal, phage_capsid	uc phage clone 2ax_6	t2d with hypertension	bladder	reduced	disbiome.tsv
klebsiella	terminase_1, phage_portal, phage_capsid	uc phage clone 2ax_6	t2d with hypertension	bladder	reduced	disbiome.tsv
klebsiella	terminase_1, phage_portal, phage_capsid	uc phage clone 2ax_6	short bowel syndrome	lumen	elevated	disbiome.tsv
escherichia	terminase_1, phage_portal, phage_capsid	uc phage clone 2ax_6	crohn's disease	mucosa	elevated	disbiome.tsv
citrobacter	terminase_1, phage_portal, phage_capsid	uc phage clone 2ax_6	ulcerative colitis	mucosa	elevated	disbiome.tsv
citrobacter	terminase_1, phage_portal, phage_capsid	uc phage clone 2ax_6	ulcerative colitis	mucosa	elevated	disbiome.tsv
escherichia	terminase_1, phage_portal, phage_capsid	uc phage clone 2ax_6	crohn's disease	mucosa	elevated	disbiome.tsv
klebsiella	terminase_1, phage_portal, phage_capsid	uc phage clone 2ax_6	otitis media	nasopharynx	elevated	disbiome.tsv
enterobacter	terminase_1, phage_portal, phage_capsid	uc phage clone 2ax_6	chronic alcoholic pancreatitis	lumen	elevated	disbiome.tsv
escherichia	terminase_1, phage_portal, phage_capsid	uc phage clone 2ax_6	chronic rhinosinusitis	middle meatus	elevated	disbiome.tsv
escherichia	terminase_1, phage_portal, phage_capsid	uc phage clone 2ax_6	hepatitis b	lumen	reduced	disbiome.tsv
escherichia	terminase_1, phage_portal, phage_capsid	uc phage clone 2ax_6	obesity	lumen	elevated	disbiome.tsv
citrobacter	terminase_1, phage_portal, phage_capsid	uc phage clone 2ax_6	gastric carcinoma	mucosa	elevated	disbiome.tsv
escherichia	terminase_1, phage_portal, phage_capsid	uc phage clone 2ax_6	hepatitis c	lumen	elevated	disbiome.tsv
citrobacter	terminase_1, phage_portal, phage_capsid	uc phage clone 2ax_6	hepatitis c	lumen	elevated	disbiome.tsv
pediococcus	terminase_1, phage_portal, phage_capsid	uc phage clone 2ax_6	hepatitis c	lumen	elevated	disbiome.tsv
escherichia	terminase_1, phage_portal, phage_capsid	uc phage clone 2ax_6	colorectal cancer	lumen	elevated	disbiome.tsv
escherichia	terminase_1, phage_portal, phage_capsid	uc phage clone 2ax_6	sickle cell disease	lumen	elevated	disbiome.tsv
klebsiella	terminase_1, phage_portal, phage_capsid	uc phage clone 2ax_6	seminal hyperviscosity	uro-genital system	elevated	disbiome.tsv
klebsiella	terminase_1, phage_portal, phage_capsid	uc phage clone 2ax_6	oligoasthenoteratozoospermia	uro-genital system	elevated	disbiome.tsv
escherichia	terminase_1, phage_portal, phage_capsid	uc phage clone 2ax_6	budd-chiari syndrome	lumen	reduced	disbiome.tsv
klebsiella	terminase_1, phage_portal, phage_capsid	uc phage clone 2ax_6	pancreatic cancer	lumen	elevated	disbiome.tsv
enterobacter	terminase_1, phage_portal, phage_capsid	uc phage clone 2ax_6	pancreatic cancer	lumen	elevated	disbiome.tsv
cronobacter	terminase_1, phage_portal, phage_capsid	uc phage clone 2ax_6	pancreatic cancer	lumen	elevated	disbiome.tsv
klebsiella	terminase_1, phage_portal, phage_capsid	uc phage clone 2ax_6	infantile eczema	lumen	reduced	disbiome.tsv
cronobacter	terminase_1, phage_portal, phage_capsid	uc phage clone 2ax_6	infantile eczema	lumen	elevated	disbiome.tsv
enterobacter	terminase_1, phage_portal, phage_capsid	uc phage clone 2ax_6	infantile eczema	lumen	elevated	disbiome.tsv
escherichia	terminase_1, phage_portal, phage_capsid	uc phage clone 2ax_6	primary sclerosing cholangitis-ibd	lumen	elevated	disbiome.tsv
klebsiella	terminase_1, phage_portal, phage_capsid	uc phage clone 2ax_6	crohn's disease	mucosa	reduced	disbiome.tsv
escherichia	terminase_1, phage_portal, phage_capsid	uc phage clone 2ax_6	hirschsprung's disease	lumen	elevated	disbiome.tsv
klebsiella	terminase_1, phage_portal, phage_capsid	uc phage clone 2ax_6	hypertension	lumen	reduced	disbiome.tsv
klebsiella	terminase_1, phage_portal, phage_capsid	uc phage clone 2ax_6	cirrhosis	lumen	elevated	disbiome.tsv
escherichia	terminase_1, phage_portal, phage_capsid	uc phage clone 2ax_6	pelvic inflammatory disease	pelvis	elevated	disbiome.tsv
klebsiella	terminase_1, phage_portal, phage_capsid	uc phage clone 2ax_6	schizophrenia	lumen	elevated	disbiome.tsv
enterobacter	terminase_1, phage_portal, phage_capsid	uc phage clone 2ax_6	type 1 diabetes	lumen	elevated	disbiome.tsv
klebsiella	terminase_1, phage_portal, phage_capsid	uc phage clone 2ax_6	rheumatoid arthritis	lumen	elevated	disbiome.tsv
escherichia	terminase_1, phage_portal, phage_capsid	uc phage clone 2ax_6	autism spectrum disorders	lumen	reduced	disbiome.tsv
enterobacter	terminase_1, phage_portal, phage_capsid	uc phage clone 2ax_6	clonorchis sinensis infection	lumen	reduced	disbiome.tsv
escherichia	terminase_1, phage_portal, phage_capsid	uc phage clone 2ax_6	severe fever with thrombocytopenia syndrome	lumen	elevated	disbiome.tsv
escherichia	terminase_1, phage_portal, phage_capsid	uc phage clone 2ax_6	myasthenia gravis	lumen	elevated	disbiome.tsv
escherichia	terminase_1, phage_portal, phage_capsid	uc phage clone 2ax_6	pulmonary tubercolosis	lumen	elevated	disbiome.tsv
citrobacter	terminase_1, phage_portal, phage_capsid	uc phage clone 2ax_6	coronary heart disease	lumen	reduced	disbiome.tsv
klebsiella	terminase_1, phage_portal, phage_capsid	uc phage clone 2ax_6	hepatocellular cancer	lumen	reduced	disbiome.tsv
enterobacter	terminase_1, phage_portal, phage_capsid	uc phage clone 2ax_6	microscopic colitis	mucosa	reduced	disbiome.tsv
klebsiella	terminase_1, phage_portal, phage_capsid	uc phage clone 2ax_6	keratitis	lumen	reduced	disbiome.tsv
escherichia	terminase_1, phage_portal, phage_capsid	uc phage clone 2ax_6	crohn's disease	mucosa	elevated	disbiome.tsv
klebsiella	terminase_1, phage_portal, phage_capsid	uc phage clone 2ax_6	crohn's disease	mucosa	elevated	disbiome.tsv
escherichia	terminase_1, phage_portal, phage_capsid	uc phage clone 2ax_6	"hand, foot and mouth disease"	lumen	elevated	disbiome.tsv
citrobacter	terminase_1, phage_portal, phage_capsid	uc phage clone 2ax_6	systemic sclerosis	lesion	elevated	disbiome.tsv
citrobacter	terminase_1, phage_portal, phage_capsid	uc phage clone 2ax_6	primary biliary cholangitis	lumen	elevated	disbiome.tsv
salmonella	terminase_1, phage_portal, phage_capsid	uc phage clone 2ax_6	primary biliary cholangitis	lumen	elevated	disbiome.tsv
klebsiella	terminase_1, phage_portal, phage_capsid	uc phage clone 2ax_6	primary biliary cholangitis	lumen	elevated	disbiome.tsv
klebsiella	terminase_1, phage_portal, phage_capsid	uc phage clone 2ax_6	gestational diabetes	cervix	elevated	disbiome.tsv
enterobacter	terminase_1, phage_portal, phage_capsid	uc phage clone 2ax_6	gestational diabetes	cervix	elevated	disbiome.tsv
klebsiella	terminase_1, phage_portal, phage_capsid	uc phage clone 2ax_6	thyroid carcinoma	lumen	elevated	disbiome.tsv
pediococcus	terminase_1, phage_portal, phage_capsid	uc phage clone 2ax_6	"celiac disease, coaliac disease"	mucosa	reduced	disbiome.tsv
enterobacter	terminase_1, phage_portal, phage_capsid	uc phage clone 2ax_6	hiv infection	lumen	elevated	disbiome.tsv
klebsiella	terminase_1, phage_portal, phage_capsid	uc phage clone 2ax_6	coronary artery disease	lumen	elevated	disbiome.tsv
citrobacter	terminase_1, phage_portal, phage_capsid	uc phage clone 2ax_6	non-alcoholic fatty liver disease	lumen	reduced	disbiome.tsv
klebsiella	terminase_1, phage_portal, phage_capsid	uc phage clone 2ax_6	clostridium difficile infection	lumen	elevated	disbiome.tsv
salmonella	terminase_1, phage_portal, phage_capsid	uc phage clone 2ax_6	colon adenomas	lumen	reduced	disbiome.tsv
klebsiella	terminase_1, phage_portal, phage_capsid	uc phage clone 2ax_6	gastric carcinoma	lumen	elevated	disbiome.tsv
escherichia	terminase_1, phage_portal, phage_capsid	uc phage clone 2ax_6	alcoholism	lumen	elevated	disbiome.tsv
klebsiella	terminase_1, phage_portal, phage_capsid	uc phage clone 2ax_6	alcoholism	lumen	elevated	disbiome.tsv
klebsiella	terminase_1, phage_portal, phage_capsid	uc phage clone 2ax_6	clostridium difficile infection	lumen	elevated	disbiome.tsv
citrobacter	terminase_1, phage_portal, phage_capsid	uc phage clone 2ax_6	clostridium difficile infection	lumen	elevated	disbiome.tsv
klebsiella	terminase_1, phage_portal, phage_capsid	uc phage clone 2ax_6	juvenile idiopathic arthritis	lumen	elevated	disbiome.tsv
klebsiella	terminase_1, phage_portal, phage_capsid	uc phage clone 2ax_6	necrotizing enterocolitis	lumen	reduced	disbiome.tsv
citrobacter	terminase_1, phage_portal, phage_capsid	uc phage clone 2ax_6	necrotizing enterocolitis	lumen	elevated	disbiome.tsv
citrobacter	terminase_1, phage_portal, phage_capsid	uc phage clone 2ax_6	parkinson's disease	lumen	elevated	disbiome.tsv
klebsiella	terminase_1, phage_portal, phage_capsid	uc phage clone 2ax_6	parkinson's disease	lumen	elevated	disbiome.tsv
salmonella	terminase_1, phage_portal, phage_capsid	uc phage clone 2ax_6	parkinson's disease	lumen	elevated	disbiome.tsv
enterobacter	terminase_1, phage_portal, phage_capsid	uc phage clone 2ax_6	primary liver cancer	lumen	elevated	disbiome.tsv
escherichia	terminase_1, phage_portal, phage_capsid	uc phage clone 2ax_6	alzheimer's disease	lumen	elevated	disbiome.tsv
escherichia	terminase_1, phage_portal, phage_capsid	uc phage clone 2ax_6	alzheimer's disease	lumen	elevated	disbiome.tsv
klebsiella	terminase_1, phage_portal, phage_capsid	uc phage clone 2ax_6	type 2 diabetes	bladder	elevated	disbiome.tsv
enterobacter	terminase_1, phage_portal, phage_capsid	uc phage clone 2ax_6	chronic kidney disease	lumen	reduced	disbiome.tsv
klebsiella	terminase_1, phage_portal, phage_capsid	uc phage clone 2ax_6	obesity	lumen	reduced	disbiome.tsv
klebsiella	terminase_1, phage_portal, phage_capsid	uc phage clone 2ax_6	autoimmune hepatitis	lumen	elevated	disbiome.tsv
escherichia	terminase_1, phage_portal, phage_capsid	uc phage clone 2ax_6	aerobic vaginitis	vagina	elevated	disbiome.tsv
klebsiella	terminase_1, phage_portal, phage_capsid	uc phage clone 2ax_6	acne	face	elevated	disbiome.tsv
klebsiella	terminase_1, phage_portal, phage_capsid	uc phage clone 2ax_6	atopic dermatitis	skin	reduced	disbiome.tsv
enterobacter	terminase_1, phage_portal, phage_capsid	uc phage clone 2ax_6	necrotizing enterocolitis	lumen	elevated	disbiome.tsv
klebsiella	terminase_1, phage_portal, phage_capsid	uc phage clone 2ax_6	short bowel syndrome	lumen	elevated	disbiome.tsv
citrobacter	terminase_1, phage_portal, phage_capsid	uc phage clone 2ax_6	short bowel syndrome	lumen	elevated	disbiome.tsv
klebsiella	terminase_1, phage_portal, phage_capsid	uc phage clone 2ax_6	short bowel syndrome	lumen	elevated	disbiome.tsv
citrobacter	terminase_1, phage_portal, phage_capsid	uc phage clone 2ax_6	short bowel syndrome	lumen	elevated	disbiome.tsv
klebsiella	terminase_1, phage_portal, phage_capsid	uc phage clone 2ax_6	biliary atresia	lumen	elevated	disbiome.tsv
klebsiella	terminase_1, phage_portal, phage_capsid	uc phage clone 2ax_6	colorectal cancer	mucosa	reduced	disbiome.tsv
klebsiella	terminase_1, phage_portal, phage_capsid	uc phage clone 2ax_6	colorectal cancer	mucosa	reduced	disbiome.tsv
enterobacter	terminase_1, phage_portal, phage_capsid	uc phage clone 2ax_6	crohn's disease	lumen	reduced	disbiome.tsv
escherichia	terminase_1, phage_portal, phage_capsid	uc phage clone 2ax_6	crohn's disease	lumen	elevated	disbiome.tsv
escherichia	terminase_1, phage_portal, phage_capsid	uc phage clone 2ax_6	schizophrenia	lumen	elevated	disbiome.tsv
enterobacter	terminase_1, phage_portal, phage_capsid	uc phage clone 2ax_6	hypertension	lumen	elevated	disbiome.tsv
pediococcus	terminase_1, phage_portal, phage_capsid	uc phage clone 2ax_6	type 2 diabetes	lumen	reduced	disbiome.tsv
escherichia	terminase_1, phage_portal, phage_capsid	uc phage clone 2ax_6	type 2 diabetes	mucosa	elevated	disbiome.tsv
citrobacter	terminase_1, phage_portal, phage_capsid	uc phage clone 2ax_6	alcoholism	lumen	elevated	disbiome.tsv
escherichia	terminase_1, phage_portal, phage_capsid	uc phage clone 2ax_6	type 2 diabetes	lumen	elevated	disbiome.tsv
escherichia	terminase_1, phage_portal, phage_capsid	uc phage clone 2ax_6	neisseria gonorrhoeae infection	oropharynx	reduced	disbiome.tsv
citrobacter	terminase_1, phage_portal, phage_capsid	uc phage clone 2ax_6	chronic kidney disease	lumen	elevated	disbiome.tsv
klebsiella	terminase_1, phage_portal, phage_capsid	uc phage clone 2ax_6	helicobacter pylori infection	mouth	reduced	disbiome.tsv
enterobacter	terminase_1, phage_portal, phage_capsid	uc phage clone 2ax_6	coronary artery disease	lumen	reduced	disbiome.tsv
klebsiella	terminase_1, phage_portal, phage_capsid	uc phage clone 2ax_6	frailty	lumen	elevated	disbiome.tsv
klebsiella	terminase_1, phage_portal, phage_capsid	uc phage clone 2ax_6	cirrhosis	lumen	elevated	disbiome.tsv
klebsiella	terminase_1, phage_portal, phage_capsid	uc phage clone 2ax_6	sarcopenia	lumen	elevated	disbiome.tsv
