NCBI Project ID	EBI Project ID	Original Project description	Curated Project description	Number of samples	Number of runs	Country	Population	Disease related	Related Disease	Disease	Related Publications
PRJDB5064	PRJDB5064	The V1 and V2 region sequence data of the 16S ribosomal RNA gene. Skin samples of 37 Japanese individuals sampled from Cheek  Forearm  Forehead and Scalp.		148	148			N	Healthy	D006262	28874721
PRJDB5347	PRJDB5347	The microbiome has been hypothesized to influence human health. Here we tested if bacteria normally residing on human skin provide host defense by producing antimicrobial activity  and examined their abundance on subjects with atopic dermatitis.		40	40	United State of America		Y	atopic dermatitis	D003876	
PRJDB5388	PRJDB5388	16S amplicon sequence analysis of human saliva microbiome from healthy subjects.Saliva microbiome from 6 healthy individual.The V1 and V2 region of the 16S ribosomal RNA gene.		108	108			N	Healthy	D006262	
PRJDB5459	PRJDB5459	We have developed a novel collection method for skin microbiota. To validate the efficacy of the developed method  we planned to compare the novel method with traditional swabbing by 16S amplicon sequencing. The back skin of healthy volunteers was swabbed		73	73			N	Healthy	D006262	
PRJDB5967	PRJDB5967	The 16S rRNA gene hypervariable V1-V2 regions were PCR-amplified using universal primers (27Fmod and 338R) and  multiplexed amplicon pyrosequencing was carried out using 454 GS FLX Titanium platform (Roche).		27	27	Japan		Y	ulcerative colitis;Crohn's disease	D003093;D003424	29051379
PRJEB14536	PRJEB14536	Parkinson’s disease (PD) is associated with neurodegeneration in olfactory and gastrointestinal nervous tissues. Accordingly PD patients frequently suffer from hyposmia hyposalivation and dysphagia. Since hyposmia and gastrointestinal dysfunction are freq		284	284	Finland		Y	Parkinson’s disease	D010300	28259623
PRJEB16013	PRJEB16013	Human fetuses are long believed to grow in a sterile environment until birth  when they receive their mothers’ vaginal microbiota. Bacteria have been detected in umbilical cord  amniotic fluid and placenta  which is as yet not viewed as a normal condition		479	479	China		N	Healthy	D006262	29042534
PRJEB20913	PRJEB20913	Cigarette smoking has been associated with ARDS development in multiple settings  but the mechanism of this association is not known. Smoking is associated with changes in the oropharyngeal and nasopharyngeal microbiota  but the impact of smoking on the l		108	108	United State of America			ARDS	D012128	
PRJEB23057	PRJEB23057	To improve our understanding of upper respiratory tract (URT) diseases and the underlying microbial pathogenesis a better characterisation of the healthy URT microbiota is crucial. In this large-scale study we obtained more insight in the URT microbiota o		202	202			N	Healthy	D006262	29238339
PRJEB28422	PRJEB28422	Several diseases have been associated with with shifts in the salivary microbiome. Here we explore such links in a case control cohort for colorectal cancer (see PMID:25432777  BioProject ERP005534 for matched fecal samples)  amended by an independent tim		58	444			Y	colorectal cancer?small adenoma	D015179?D000236	
PRJEB28612	PRJEB28612	Illumina and Nanopore 16S rRNA sequencing was performed on seventy nose swab samples collected from a population of children and adults. The MiSeq sequence data were processed using bioinformatics modules present in the mother v.1.36.1 software package. L		118	118			N	Healthy	D006262	
PRJEB29011	PRJEB29011	The aim of the proposed project is to provide metagenomics sequencing data analysis valuable to the surveillance of the respiratory pathogens in critically ill patients with pneumonia on an intensive care unit  Addenbrookes hospital  in order to monitor c		24	24			Y	pneumonia	D011014	
PRJEB29091	PRJEB29091	A population study of respiratory tract microbiome in a largely healthy cohort of participants in the Busselton Health Study  Perth  Western Australia.		618	618			N	Healthy	D006262	
PRJEB31840	PRJEB31840	Objective: Eosinophilic oesophagitis (EoE) is an allergic disease characterized by oesophageal dysfunction and eosinophil-predominant inflammation. The course of disease can be ameliorated by elimination diets or total restriction of food antigens through		149	149			Y	Eosinophilic oesophagitis	D057765	
PRJEB33591	PRJEB33591	Otitis media with effusion (OME) is characterized by accumulation of effusion in the middle ear cavity without symptoms of an acute infection. This common childhood disease is thought to be caused by a range of viruses or bacteria resident in the upper re		429	429			Y	Otitis media with effusion	D010034	
PRJEB9607	PRJEB9607	We characterized the airway microbiota of healthy Korean adults. The study population consisted of monozygotic twins  dizygotic twins  and family members of twin pairs. All subjects had not taken antibiotics within three months prior to sampling and had n		304	34			N	Healthy	D006262	
PRJNA172839	PRJNA172839	Human pulmonary microbiome - pulmonary secretions and tissue from cystic fibrosis patients and pulmonary secretions from healthy volunteers.		46	46			Y	cystic fibrosis;COPD;idiopathic pulmonary fibrosis;interstitial lung disease	D003550;D029424;D054990;D017563	
PRJNA222379	PRJNA222379	Alterations in the nasal microbiome during human influenza infections. Samples from the upper respiratory tract ere taken from humans with viral infection control(absence of know viral infection) and humans inoculated with the FluMist vaccine.		277	277			Y	viral infection	D014777	26667497
PRJNA243349	PRJNA243349	The effects of freeze thaw cycles on the microbial community present in sputum samples from the CF lung		47	46	United Kingdom		Y	cystic fibrosis	D003550	25459563
PRJNA244556	PRJNA244556	Human sputum bacterial communities from cystic fibrosis patients collected during pulmonary exacerbation		37	37			Y	cystic fibrosis	D003550	
PRJNA245531	PRJNA245531	Bacteria from sputum		57	57	Canada		Y	cystic fibrosis	D003550	23056217
PRJNA246028	PRJNA246028	Characterization and quantification of the fungal microbiome in cystic fibrosis subjects over the course of antibacterial therapy		14	14			Y	cystic fibrosis	D003550	25408892
PRJNA251438	PRJNA251438	To investigate whether or not iron overload in blood does increase the infection rate of bacteria in patients with CHC.		21	21	China		Y	HCV infection	D006526	
PRJNA252825	PRJNA252825	Human airway specimen microbiome analysis from patients with Cystic Fibrosis		168	168			Y	cystic fibrosis	D003550	
PRJNA253931	PRJNA253931	We have compared the lung microbiome in a U.S. and Malawi population. We identified several significant differences between the two populations which we hypothesize are related to different environmental exposures in the two countries.		66	65			N	Healthy	D006262	
PRJNA256169	PRJNA256169	Characterization and quantification of the bacterial microbiome in cystic fibrosis subjects over the course of antibacterial therapy		14	28			Y	cystic fibrosis	D003550	25408892
PRJNA257112	PRJNA257112	Bacterial community in upper respiratory tract		57	57	South Korea		Y	Healthy	D006262	
PRJNA258008	PRJNA258008	The purpose of this study was to use whole metagenomic shotgun sequencing to characterize the pulmonary bacteria in intubated patients with possible ventilator associated pneumonia (VAP). The results of the shotgun sequencing were compared to the microbio		8	8	United State of America		Y	ventilator associated pneumonia	D053717	
PRJNA269493	PRJNA269493	No studies to date have examined the relationship within an individual between bacterial communities along sites of the upper aerodigestive tract. Our objective was to perform an intra-subject and inter-site analysis to determine the contribution of two u		223	223			N	Healthy	D006262	25736890
PRJNA269787	PRJNA269787	The variability in skin microbial communities within a human population can be the cause of many factors  including occupation  diet  age  gender  surroundings and so on. In this study  we explored the differences in the bacterial community structure asso		1364	1364			N	Healthy	D006262	
PRJNA271691	PRJNA271691	The airways of persons with cystic fibrosis (CF) typically harbor complex bacterial communities. Currently  however  we have very little understanding of how the structure and activity of these communities influence the course of lung disease in CF. In pa		101	101	United State of America		Y	cystic fibrosis	D003550	25834733
PRJNA275918	PRJNA275918	Bacterial community profiling of nasopharyngeal (NP) aspirates across a birth cohort of 234 infants. Multiple samples per child including healthy NP samples collected in the absence of respiratory symptoms and infection NP samples collected during episode		4035	3036	Australia		Y	Severe Acute Respiratory Syndrome	D045169	
PRJNA278895	PRJNA278895	The human vagina is colonized by a complex community of microbes (vaginal microbiome) that play a role in reproductive health. The primary objective of this study was to define the range of vaginal microbiota profiles common in non-pregnant Canadian women		312	312	Canada		N	Healthy	D006262	26266808
PRJNA286273	PRJNA286273	skin fungal mycobiome of Chinese individuals		203	203	China		N	Healthy	D006262	
PRJNA288589	PRJNA288589	Characterization of the bacterial microbiome in cystic fibrosis subjects in various regions of the lung		48	53	United State of America		Y	cystic fibrosis	D003550	26943329
PRJNA290608	PRJNA290608	Preterm Premature Rupture of Membranes (PPROM) 16S rDNA sequence data from vaginal swabs		67	67			Y	Preterm Premature Rupture of Membranes	D005322	
PRJNA290694	PRJNA290694	In order to gain insight into the underlying causes of severe lung disease and identify potential determinants of ecological and clinical changes in lung function  we compared the airway microbiota composition and diversity of CF patients with a substanti		52	52	Italy		Y	cystic fibrosis	D003550	27355625
PRJNA293586	PRJNA293586	We hypothesized that local burn injury would promote a shift in the cutaneous microbiome in both burn margin and in autologous donor skin  as compared to control skin  which would likely impact wound healing and infection outcomes in these subjects.		25	25	United State of America		Y	Burns	D002056	
PRJNA295063	PRJNA295063	Comparison of biofilm associated with endotracheal tubes and matched tracheal aspirates		93	93	United State of America		N	Healthy	D006262	
PRJNA296567	PRJNA296567	detection of differences in microbial community composition harbored in lungs of patients with mild to moderate COPD compared to control individuals		39	39			Y	COPD	D029424	28704452
PRJNA300860	PRJNA300860	Here we assess the microbiome of a cohort of women in relation to Preterm birth using Roche 454 based sequencing of 16s rDNA amplicons		159	162	United Kingdom		Y	preterm birth	D047928	
PRJNA303160	PRJNA303160	Airway microbiome in preterm infants requiring mechanical ventilation		379	379			Y	Premature Birth	D047928	
PRJNA305275	PRJNA305275	The goal of this study was to characterize the community structure of the pediatric nasopharyngeal microbiome.		27	27			N	Healthy	D006262	
PRJNA310124	PRJNA310124	Here we describe the dynamics of the nasopharyngeal microbiome in asthmatic children. Using 16S rRNA gene sequencing of nasal samples collected twice over 6 months we characterized the nasal microbiome of children with different asthma phenotypes to asses		269	269	United Stated of America		Y	Asthma	D001249	27306800
PRJNA311065	PRJNA311065	Metagenomic sequencing of respiratory tract microbiome in children with Cystic Fibrosis.		166	166			Y	cystic fibrosis	D003550	
PRJNA313226	PRJNA313226	Here we describe the diversity of the airway microbiome in CF children using 16S V4 rRNA gene sequencing of sputum samples.		22	30	United State of America		Y	cystic fibrosis	D003550	
PRJNA314604	PRJNA314604	To characterize the diversity of cutaneous microbiomes in different ethnic groups.		645	645			N	Healthy	D006262	
PRJNA316056	PRJNA316056	We used a comparative metagenomic approach to explore lung bacterial communities of cystic fibrosis patients with different clinical conditions.		12	12	Italy		Y	cystic fibrosis	D003550	
PRJNA316126	PRJNA316126	Illumina MiSeq sequencing of the bacterial 16S rRNA amplicon in sputum samples taken longitudinally from COPD patients when clinically stable (free of antibiotic or corticosteroid therapy for 4 weeks)  at start of exacerbation and at end of exacerbation (		184	184	United Kingdom		Y	COPD	D029424	
PRJNA327258	PRJNA327258	The study goal is to examine lung tissue microbiome in lung cancer patients.		97	97	Italy		Y	Lung cancer	D008175	
PRJNA339813	PRJNA339813	The lung microbiome in cystic fibrosis (CF) is home to numerous pathogens shortening the life of patients. In contrast to adults whose lung infections are mostly resilient  children are more responsive to therapy. Our aim was to assess changes in the lung		32	94			Y	cystic fibrosis	D003550	
PRJNA345497	PRJNA345497	Humans shed over one million microorganisms hourly  changing the microbiome of contacted surfaces and the rooms they occupy. Although cohabiting with other individuals may impact an individual’s skin microbiome  no study has yet explored the relationship		490	340			N	Healthy	D006262	
PRJNA348169	PRJNA348169	The microbiome of unstimulated saliva of 267 healthy young adults after overnight fasting was sequenced using Illumina MiSeq sequencing. We aimed at describing the boundaries of and the heterogeneity within the healthy oral ecosystem.		267	267	Netherlands		N	Healthy	D006262	28072421
PRJNA351918	PRJNA351918	salivary microbial diversity in Chinese Children		338	676	China		N	Healthy	D006262	
PRJNA353336	PRJNA353336	We aimed to assess the associations between environmental drivers upper respiratory tract (URT) microbiota development and the risk of RTIs in a cohort of 112 children over the first 12 months of life. We studied the nasopharyngeal microbiota of these chi		1121	1121	Netherlands		N	Healthy	D006262	27333043
PRJNA360332	PRJNA360332	1 year long study of the cystic fibrosis lung microbiome via DNA isolation from sputum. 16S rRNA gene sequencing of the variable 3 region using 250bp  paired-end Illumina sequencing.		118	118			Y	cystic fibrosis	D003550	28253277
PRJNA362575	PRJNA362575	The goal of the study was to determine the taxonomic composition of the vaginal microbial communities of a cohort of 54 HIV+  non-pregnant  Canadian women and to compare those microbiome profiles to those of HIV- women.		54	54	Canada		Y	HIV	D006678	
PRJNA371525	PRJNA371525	C. trachomatis genital infection continue to be an important public health problem worldwide because of its increasing incidence. C. trachomatis infection leads to severe sequelae  such as pelvic inflammatory disease  ectopic pregnancy  obstructive infert		14	14	Italy		Y	Chlamydia trachomatis	D002692	
PRJNA380493	PRJNA380493	Understanding the lung microbiome dynamics and its dysbiosis in COPDMAP cohort		716	716			Y	COPD	D029424	
PRJNA386984	PRJNA386984	Microbiome data studying which microorganisms are responsible for exacerbations are limited in sputa of COPD patients. The lung microbiome is a new approach to add additional insights about the causal pathogens and the shift in bacterial community of COPD		27	27			Y	COPD	D029424	
PRJNA388054	PRJNA388054	Human Papillomavirus (HPV) and Chlamydia trachomatis are the most common causes of sexually transmitted diseases worldwide. In both cases  most infections are asymptomatic  and  hence  untreated  leading to severe reproductive tract sequelae  like spontan		11	11	Italy		Y	Chlamydia trachomatis;HPV infection	D030361;D002692	
PRJNA390040	PRJNA390040	Temporal dynamics of skin microbiota of Chinese individuals		484	484	China	Chinese	N	Healthy	D006262	https://microbiomejournal.biomedcentral.com/articles/10.1186/s40168-018-0412-9#Sec10
PRJNA390681	PRJNA390681	microbial diversity in human respiratory tract of pneumonia children		152	152	China		Y	pneumonia	D011014	
PRJNA392433	PRJNA392433	Nasal and Oral Microbiota of Dairy Farmers		78	78			N	Healthy	D006262	28850578
PRJNA393472	PRJNA393472	We conducted a longitudinal study based on weekly sampling of the vaginal microbiota during pregnancy. Analysis was based on 16S rDNA amplicon sequencing  and was performed on two study cohorts. One cohort consisted of 39 women (30 term  9 preterm deliver		2370	2367	United State of America		Y	preterm birth	D047928	26479170
PRJNA397867	PRJNA397867	Human Lung Cancer Metagenome/Microbiome		160	160	United State of America		Y	Lung cancer	D008175	29864375
PRJNA415608	PRJNA415608	The rationale for the present study is that evaluation of the pathogenic character of the COPD lung microbiota has been hindered by concerns that oral taxa found in the COPD lung microbiota are the result of sample contamination rather than aspiration. Th		106	106	United Stated of America		Y	COPD	D029424	29316977
PRJNA418003	PRJNA418003	Measuring stability of the lung-microibome in the COPD patients.		26	26	United State of America		Y	COPD	D029424	
PRJNA422103	PRJNA422103	Survey the presence of microbes in peripheral blood samples (ME/CFS and Normal Control Participants)		78	78			Y	ME/CFS	D015673	https://doi.org/10.1016/j.humic.2019.100060
PRJNA423040	PRJNA423040	We sequenced the V3-V5 hypervariable region of the bacterial 16S rRNA gene in DNA derived from 631 CF sputum specimens collected from 111 subjects over 10 years. We observed fluctuations in the abundances of typical CF pathogens  as well as anaerobic spec		631	631	United State of America		Y	cystic fibrosis	D003550	29522532
PRJNA428382	PRJNA428382	We set out to demonstrate (A) the association between upper and lower respiratory tract microbiota during childhood LRTI and (B) the use of microbiota to predict LRTI presence presentation and severity.		724	726	Netherlands		Y	respiratory tract infections	D012141	30885620
PRJNA428766	PRJNA428766	Sequence data from oropharyngael swabs of college students following Neisseria meningitidis outbreak		158	158	United Stated of America		Y	Neisseria meningitidis	D009345	
PRJNA433569	PRJNA433569	to study the relationship between vaginal microbiota and recurrence of bacterial vaginosis		201	201			Y	bacterial vaginosis	D016585	31245300
PRJNA437438	PRJNA437438	The aims of this project is: 1) Describe the blood microbiome of healthy elderly men who participated in the Oslo II study in 2000 2) Check for possible correlations between the diversity of the blood microbiome and factors related to general health  oral		226	226	Norway	Elderly men	N	Healthy	D006262	
PRJNA437545	PRJNA437545	The aims of this project is: 1) Describe the blood microbiome of healthy elderly men who participated in the Oslo II study in 2000 2) Check for possible correlations between the diversity of the blood microbiome and factors related to general health  oral		45	45	Norway	Elderly men	N	Healthy	D006262	
PRJNA437984	PRJNA437984	The characterization of bacterial communities using DNA sequencing has revolutionized our ability to study microbes in nature and discover the ways in which microbial communities affect ecosystem functioning and human health. Here we describe Serial Illum		231	276	Canada		Y	cystic fibrosis	D003550	
PRJNA439311	PRJNA439311	Association of sputum microbiome with exacerbations  patient subgroups and host response in chronic obstructive pulmonary disease		102	102			Y	COPD	D029424	31170986
PRJNA448764	PRJNA448764	This dataset includes 16S ITS sequencing from nasal wash samples from asthma children		601	601			Y	Asthma	D001249	
PRJNA449183	PRJNA449183	Lower respiratory tract micro-ecology research on children with pneumonia		35	35			Y	pneumonia	D011014	
PRJNA450937	PRJNA450937	We investigated the role of oral microbiota in development of childhood RTIs. In a prospective birth cohort of 112 infants we characterized the oral microbiota longitudinally from birth until six months of age (9 regular samples/subject) along with and na		2085	2085	Netherlands		Y	respiratory tract infections	D012141	
PRJNA451254	PRJNA451254	In this trial infants born between 33-35 weeks of gestation randomly received palivizumab or placebo during their first RSV season. Children were followed until 6 years of life. We used 16S-rRNA sequencing to characterize the nasopharyngeal microbiota of		414	412	Netherlands		Y	Respiratory syncytial virus	D012136	
PRJNA453406	PRJNA453406	16S rRNA gene sequencing of the vaginal microbiota of 12 women along multiple points during their pregnancy.		48	48	United State of America		Y	pregnancy	D011247	24896831
PRJNA46307	PRJNA46307	"Esophageal adenocarcinoma, the type of cancer linked to heartburn due to gastroesophageal reflux diseases (GERD), has jumped six fold in the past 30 years, which cannot be explained by the usual environmental or host factors. We intend to characterize the"		575	605			Y	Adenocarcinoma Of Esophagus	C562730	
PRJNA46309	PRJNA46309	"This is a project to understand the microbiology of psoriasis using molecular and genomic methods. We will compare patients with psoriasis and healthy individuals to learn the microbial species, genes, and gene products on the skin that differ between the"		464	241			Y	Psoriasis	D011565	
PRJNA46315	PRJNA46315	The bacteria that live in the gut are felt to play a key role in the health of the gastrointestinal tract. We will determine the role of the gut bacteria in the development of human inflammatory bowel disease through the use of state-of-the-art molecular		752	114			Y	Pouchitis	D019449	24529162
PRJNA46317	PRJNA46317	"The project is designed to describe the range of the normal microbiome of adolescent males, to describe the changes associated with puberty and to link the microbiome to potential health conditions such as sexually transmitted infections."		144	61			N	Healthy	D006262	
PRJNA46319	PRJNA46319	"This study aims to unravel the contribution of the bacteria that normally inhabit the human gastrointestinal tract to the development of obesity, and its more severe metabolic consequences including cardiovascular disease, insulin resistance and Type II d"		599	1076			Y	Obesity	D009765	
PRJNA46321	PRJNA46321	This study aims to unravel the contribution of the bacteria that normally inhabit the human gastrointestinal tract to Crohn's disease by using a multidisciplinary approach to study changes in the structure and function of gut microbial communities in thre		175	196			Y	Crohn Disease	D003424	27239563
PRJNA46337	PRJNA46337	"Necrotizing enterocolitis (NEC) is a devastating complication of prematurity. It occurs suddenly, usually during the first month of life, and we don't know how to prevent it. It is probably more dangerous to premature infants than lung disease today. Abou"		3885	3725		0	Y	"Enterocolitis, Necrotizing"	D020345	26969089
PRJNA46339	PRJNA46339	This project will increase our understanding of the microbes that reside in the intestines of healthy children and children with various intestinal disorders. The findings from this project will enable scientists to determine the nature of beneficial micr		201	355			Y	Irritable Bowel Syndrome	D043183	26306392
PRJNA46877	PRJNA46877	"This project will define the microbial composition of the human vagina, using state-of-the-art technologies that allow for the direct characterization and enumeration of the microorganisms present. Successful completion of the aims will define the relativ"		6486	10509			N	Healthy	D006262	
PRJNA46879	PRJNA46879	"The bacteria present in the intestinal tract, known as the gut microbiome, probably play a role in the pathogenesis of Crohn's disease, but the mechanism remains unclear. In this study, we propose to determine the composition of the gut microbiome associa"		600	534			Y	Crohn Disease	D003424	
PRJNA471187	PRJNA471187	Metagenomic sequencing of serum from patients preceding multiple sclerosis diagnosis		342	342	Sweden		Y	multiple sclerosis	D009103	
PRJNA473785	PRJNA473785	Prior studies have suggested a potential link between nasal microbes and granulomatosis with polyangiitis (GPA; Wegener’s) but these studies relied on culture-dependent methods. This study comprehensively examined the entire community of nasal microbiota		252	252	United Stated of America		Y	granulomatosis with polyangiitis	D014890	
PRJNA477678	PRJNA477678	The respiratory microbiome is a role player in human health  therefore is significant to be addressed thoroughly. The respiratory tract is the main portal through which the microorganisms enter the human body. Lung cancer and bronchiectasis are chronic lu		10	10			Y	Lung cancer;bronchiectasis	D008175;D001987	
PRJNA478488	PRJNA478488	Chinese human skin metagenome		860	859	China		N	Healthy	D006262	
PRJNA480715	PRJNA480715	We report an approach to detect diverse bacterial and fungal taxa in complex samples by direct analysis of community RNA in one step using NanoString probe sets. We designed rRNA-targeting probe sets to detect forty two bacterial and fungal genera or spec		18	18			Y	cystic fibrosis	D003550	
PRJNA481576	PRJNA481576	16S rRNA gene amplicon sequence of tissue  stool  urine  peritoneal fluid  tumor specimens and controls from the reproductive tract from a cohort of women with endometrial cancer		1576	1576	United State of America		Y	Endometrial cancer	D016889	31844128
PRJNA482359	PRJNA482359	Comparison of nasopharyngeal microbiota in healthy children and pneumonia patients with different etiologies		98	98		Children	Y	pneumonia	D011014	24599973
PRJNA483035	PRJNA483035	Respiratory syncytial virus (RSV) is increasingly recognized as a significant pathogen in adults. The goal of this project was to compare the whole genome of RSV in acutely infected adults and children to determine which strains were circulating		14	14	United Stated of America		Y	Respiratory syncytial virus	D012136	
PRJNA48479	PRJNA48479	The HMP metagenomes production phase represents the shotgun sequencing of metagenomic DNA extracted from samples taken from multiple body sites across hundreds of human subjects.		56291	11245			N	Healthy	D006262	
PRJNA485941	PRJNA485941	Survey the presence of microbes in peripheral blood samples (ALS and MS Participants).		47	47			Y	Amyotrophic lateral sclerosis;multiple sclerosis	D000690;D009103	https://doi.org/10.1016/j.humic.2019.100060
PRJNA489760	PRJNA489760	Explore the changes in fecal and blood microbiota in patients of Alzheimer’s disease  mild cognitive impairment and healthy participants		180	180	China		Y	Alzheimer’s disease;mild cognitive impairment	D000544?D060825	31434623
PRJNA493883	PRJNA493883	"We used 16S rRNA gene amplicon sequencing to analyze the composition of skin bacterial communities on three different sites — face, ventral forearm, and calf — on children between 1 and 10 years of age, along with the participants’ mothers."	NULL	624	624	China		N	Healthy	D006262	31420081
PRJNA495633	PRJNA495633	The goal of this study was to determine the lung microbiota in children with cystic fibrosis  differentiating true lung microbiota from contaminants that could come from the oropharynx  mouth  collection instruments  and/or reagents used to process and se		204	204			Y	cystic fibrosis	D003550	
PRJNA495913	PRJNA495913	The fungal community composition of 110 infants aged 0–6 months—including Malassezia subspecies—with respect to skin physical parameters was analyzed.		564	564			N	Healthy	D006262	
PRJNA50637	PRJNA50637	The bacteria that live in the gut are felt to play a key role in the health of the gastrointestinal tract. We will determine the role of the gut bacteria in the development of human inflammatory bowel disease through the use of state-of-the-art molecular		644	1854			Y	Pouchitis	D019449	
PRJNA510549	PRJNA510549	16S rRNA gene sequencing of the lung microbiota of patients with sarcoidosis and patients with other interstitial lung disease		51	102			Y	sarcoidosis;interstitial lung diseases	D012507;D017563	31973575
PRJNA510725	PRJNA510725	Human skin microbes from the skin dermis and epidermis		170	170	Denmark		N	Healthy	D006262	
PRJNA511717	PRJNA511717	The goal was to characterize the vaginal microbial profiles of aerobic vaginitis patients compared with healthy individuals in China		240	240	China	Chinese	Y	aerobic vaginitis	D014627	31955954
PRJNA515954	PRJNA515954	To study the relevance of salivary Microbiota and human IgA Nephropathy		53	53	China		Y	IgA Nephropathy	D005922	
PRJNA517526	PRJNA517526	The study utilized a cross sectional design  enrolling women with HIV or at risk for HIV infection  and it was conducted at the AIDS Clinical Research Unit at the University of Miami. The study was undertaken in cooperation with the Miami Women and HIV In		44	44	United State of America		Y	HIV	D006678	
PRJNA518153	PRJNA518153	The goal of this project was to characterize vaginal microbiomes in HPV positive individuals and patients with cervical dysplasia and cervical cancer.		77	77	United State of America		Y	HPV	D015344	31027917
PRJNA518760	PRJNA518760	This project reports microbiome dysregulations in the saliva of ASD children associated with cognitive impairment of the subjects and a potential cross-talking between circulating miRNAs.		53	53	Italy		Y	ASD	C566241	
PRJNA521072	PRJNA521072	Characterization of ideal storage and preservation conditions for urinary microbiome analysis.		720	720	United States of America		N	Healthy	D006262	31527753
PRJNA521807	PRJNA521807	Skin microbiota in children with atopic dermatitis		122	122	China		Y	atopic dermatitis	D003876	
PRJNA523312	PRJNA523312	During transitional reproductive periods in a woman’s lifetime  the vaginal microbiome (VM) can affect host physiology as reflection of healthy or diseased condition. The study we conducted was aimed to characterize and compare the VM under four condition		79	79	Italy	Italian	Y	Bacterial Vaginosis (BV) ; Vulvo-vaginal Candidiasis (VVC) ; Chlamydia trachomatis (CT) infection	D016585;D002177;D002692	31575935
PRJNA524112	PRJNA524112	The aim of this study was to determine the best approach or diagnostic test to diagnose BV.		146	146	Netherlands		Y	Abnormal vaginal discharge	D019522	
PRJNA528096	PRJNA528096	Dysbiosis in the vaginal microbiome is associated with negative reproductive outcomes. Many women experience recurrent dysbiosis  but the microbiological and/or host factors that differentiate these women from those who respond to treatment longer term ar		53	53	Canada	Canadian women	Y	Dysbiosis	D064806	
PRJNA529227	PRJNA529227	Introduction: Circadian rhythm disruption is prevalent in modern society  particularly in night shift workers. Circadian misalignment - the misalignment between the central circadian clock and behavioral/environmental cycles (i.e.  sleep/wake  fasting/fee		96	96	United State of America	night shift workers	N	Healthy	D006262	
PRJNA530262	PRJNA530262	A study to determine differences in the vaginal microbiome between women with a low risk for pre-term birth compared to those at a high risk for pre-term birth and what effect progesterone treatment has on the composition of the vaginal microbiome.		387	387	United State of America	Caucasian	Y	pre-term birth	D047928	
PRJNA532450	PRJNA532450	Laryngotracheal stenosis is an obstructive respiratory disease that leads to voicing difficulties and dyspnea with potential life-threatening consequences. While recent evidence suggests a microbial contribution to mucosal inflammation the microbiota asso		103	103			Y	Laryngotracheal stenosis	C566379	31043518
PRJNA544518	PRJNA544518	Bacterial microbiome of serum samples from leukemic and allogeneic stem cell transplant patients		355	355	United State of America		Y	leukemia	D007938	
PRJNA544865	PRJNA544865	Investigating Transfusion-Related Sepsis using Culture-Independent Metagenomic Sequencing		37	37	United State of America		Y	Sepsis	D018805	31563940
PRJNA549339	PRJNA549339	This is a prospective observational study focusing on the kinetic behavior of the vaginal microbiota to further understand the onset of bacterial vaginosis (BV). 20 women with a history of BV self-collected vaginal swabs three times daily over 60 days. Al		1320	1320	United State of America		Y	Vaginosis  Bacterial	D016585	32265316
PRJNA550035	PRJNA550035	We have developed a co-culture system of differentiated respiratory epithelium and natural nasal microbiota and incorporated an immune component. Nasal microbiota from human origin appeared to be well tolerated by host cells while microbial community comp		32	32	Belgium		N	Healthy	D006262	31941815
PRJNA551647	PRJNA551647	We utilized 16S rRNA sequencing to dissect the overall structure and composition of the vaginal bacterial community in 30 HPV positive and 30 HPV negative women in China  to explore the association between the vaginal microbiota and HPV infection. Our res		60	60			Y	HPV	D015344	
PRJNA552861	PRJNA552861	Our objective was to determine if urinary microbial communities similar to those described in adults exist in children and to profile the urinary and gastrointestinal microbiome in children presenting to urology for both routine and complex urologic proce		30	30	United States of America	children	Y	Abx exposure	D006262	31195012
PRJNA556341	PRJNA556341	Sexually transmitted pharyngeal infections due to Neisseria gonorrhoeae (NG) are frequent among ‘men having sex with other men’ (MSM). NG pharyngeal infections are usually characterized by the absence of symptoms remaining undetected and untreated and the		70	70	Italy		Y	Neisseria gonorrhoeae	D009344	31945133
PRJNA558132	PRJNA558132	The relationship between the saliva microbial community and the glucosidase activity was investigated.		64	64	Australia		N	Healthy	D006262	
PRJNA566293	PRJNA566293	The cervical microbiota constitutes an important protective barrier against the invasion of pathogenic microorganisms. A disruption of microbiota within the cervical milieu has been suggested to be a driving factor of sexually transmitted infections. Thes		77	77	Malaysia		Y	Chlamydia trachomatis	D002692	31738795
PRJNA575808	PRJNA575808	A case-control study of the association between human uterocervical microbiota composition and ovarian cancer status		62	62	Japan		Y	Ovarian cancer	D010051	
PRJNA578951	PRJNA578951	sequencing of human saliva metagenome		80	80	China		Y	Rheumatoid arthritis	D001172	32039051
PRJNA595451	PRJNA595451	This project constitutes 144 samples (16S rRNA) from three different compartments (maternal vagina during birth  and fecal and airways of the 1-week old offspring)  used for the study of vaginal microbial development during pregnancy and bacterial transfe		144	144	Denmark	Infant&after birth	N	Healthy	D006262	
PRJNA600265	PRJNA600265	To compare microbiome metrics resulting from 16S rRNA gene sequencing between urine obtained from mid-stream urine (voided) and cystoscopy.		67	67	United States of America		Y	Urinary Bladder Neoplasms	D001749	31992287
PRJNA604977	PRJNA604977	The goal of the study was to investigate the bacterial diversity in the navel region of 18 to 25 year old college attending adults. The 16 S rRNA sequences were obtained using Illumina Miseq platform.		22	22			N	Healthy	D006262	
PRJNA612439	PRJNA612439	Chronic wounds represent a large and growing disease burden. Infection and biofilm formation are two of the leading impediments of wound healing  suggesting an important role for the microbiome of these wounds. However  microbial taxa that may impact heal		60	60	United State of America		Y	Wounds and Injuries	D014947	